id,tweet,class
746007323479576576,Ø¹Ø§Ø¬Ù„ | Ù…ØµØ§Ø¯Ø± Ø¹Ø±Ø§Ù‚ÙŠØ©: 20 Ù‚ØªÙŠÙ„Ø§ Ø¨ÙŠÙ†Ù‡Ù… Ù‚Ø§Ø¦Ø¯ Ù„Ù„Ø­Ø´Ø¯ Ø§Ù„Ø¹Ø´Ø§Ø¦Ø±ÙŠ ÙÙŠ Ù‡Ø¬ÙˆÙ… Ù„ØªÙ†Ø¸ÙŠÙ… Ø§Ù„Ø¯ÙˆÙ„Ø© Ø¨Ø§Ù„Ø£Ù†Ø¨Ø§Ø±,1
569488484957855745,"RT @Iraq_now2: Ù†Ø­ÙˆÙ£Ù Ù Ø¹Ù†ØµØ± Ù…Ù† Ø¹ØµØ§Ø¨Ø§Øª""Ø­Ø²Ø¨ Ø§Ù„Ù„Ù‡""Ø§Ù„Ù„Ø¨Ù†Ø§Ù†ÙŠ ÙŠØªÙˆØ§Ø¬Ø¯ÙˆÙ† ÙÙŠ #Ø§Ù„Ø¹Ø±Ø§Ù‚ Ù„Ø¯Ø¹Ù… Ø§Ù„Ø¹ØµØ§Ø¨Ø§Øª Ø§Ù„Ø´ÙŠØ¹ÙŠØ©.
https://t.co/m6olU9lswP http://t.co/eqXa7UQzV1",1
664157183135870976,@DroopDelaCreme you knowwwwwww,1
561386715349536768,"@_AbDwd2 bro, I really wish twitter would delete retards like this rather than Dawlah supporters...Guy needs a bullet http://t.co/om2359dSB0",1
553368348361490432,"When a coconut gets asked if he supports ISIS looool
https://t.co/zO7ZfIgusH",1
560899998066675712,Ninova Vilayetinde Zekat mallarÄ±ndan olan Develerin toplanmasÄ±.http://t.co/cEEVGREQ5K,1
718657625848721409,"ğŸ”– Ù‚Ø§Ù„ #Ø³ÙŠØ¯ÙŠ_Ø±Ø³ÙˆÙ„_Ø§Ù„Ù„Ù‡ ï·º :

""Ø£Ø­Ø¨ Ø§Ù„Ø£Ø¹Ù…Ø§Ù„ Ø¥Ù„Ù‰ Ø§Ù„Ù„Ù‡ ï·»
Ø³Ø±ÙˆØ± ØªØ¯Ø®Ù„Ù‡ Ø¹Ù„Ù‰ Ù…Ø³Ù„Ù…
Ø£Ùˆ ØªÙƒØ´Ù Ø¹Ù†Ù‡ ÙƒØ±Ø¨Ø©
Ø£Ùˆ ØªÙ‚Ø¶ÙŠ Ø¹Ù†Ù‡ Ø¯ÙŠÙ†Ø§
Ø£Ùˆ ØªØ·Ø±Ø¯ Ø¹Ù†Ù‡ Ø¬ÙˆØ¹Ø§"".

#ØµØ¨Ø§Ø­ÙŠØ§Øª ğŸ’™ğŸ’šâ¤ï¸",1
560727258563117056,"Kurds ""took"" kobane ,America flattened it through airstrikes and now it's all rubble good work Kurds LMAO.5 months of air strikes on land",1
711041920240324608,Vroom vroom vroom vroom vroom how the hell does a plane go in circles what's the noise ..... Bang boom! Fireworks! ğŸ‰ https://t.co/Vrf4vgv279,1
712258627852230656,These two guys @destroythebook and @PHISHING29 are incredibly good and consistent.,1
710490156248264714,"@doaa63784383 Ù‡ÙŠ Ø§Ù„ØµÙˆØ±Ø© Ø§Ù„Ø°Ù‡Ù†ÙŠØ© Ø§Ù„Ø§ÙŠØ¬Ø§Ø¨ÙŠØ© Ø§Ù„ØªÙŠ Ù†Ù†Ø¸Ø± Ø§Ù„Ù‰ Ø§Ù„Ø§Ø­Ø¯Ø§Ø« Ø¨Ù‡Ø§ØŒ ÙÙŠ Ø§Ù„Ø­Ø¯ÙŠØ«""Ø¹Ø¬Ø¨Ø§ Ù„Ø§Ù…Ø± Ø§Ù„Ù…Ø¤Ù…Ù† Ø§Ù† Ø§Ù…Ø±Ù‡ ÙƒÙ„Ù‡ Ù„Ù‡ Ø®ÙŠØ±""
Ø¨Ù‡Ø°Ù‡ Ø§Ù„Ù†ÙØ³ÙŠØ© ØªÙØ³Ø± Ø§Ù„Ø§Ù…ÙˆØ±",1
563073820362551296,"Powerful vid, who's the first speaker??

https://t.co/asu5yNbySH",1
712932811536211968,RT @azadaliCCM: The product of neocon lies arrested for inciting hatred https://t.co/8ySXmbGvW1 tbh likes of @HJS_Org r more culpable @5Pillarsuk @Majstar7,1
564443227844247552,"RT @SaudiMendas3: #Ø§Ù„Ø³Ø¹ÙˆØ¯ÙŠØ©_Ù„Ø§_ØªØ­Ø§Ø±Ø¨_Ø¨Ø´Ø§Ø±
Ù‡Ù„ ØªØ¹Ù„Ù… Ø£Ù† Ø·Ø§Ø¦Ø±Ø§Øª Ø§Ù„ Ø³Ø¹ÙˆØ¯ ÙˆØ·Ø§Ø¦Ø±Ø§Øª Ø¨Ø´Ø§Ø± ØªÙ‚ØµÙ Ù†ÙØ³ Ø§Ù„Ù…Ø¯ÙŠÙ†Ø©ØŸ! #Ø§Ù„Ø±Ù‚Ø© !!",1
553160290708094976,@sb3_1 @time_machine_1 ÙƒÙ„Ù‡Ù… Ù…ØªØ´Ø§Ø¨Ù‡ÙˆÙ† Ø¹ÙŠÙ† ÙˆØ§Ø­Ø¯Ù‡ Ø¨Ø§Ø®ØªÙ„Ø§Ù Ø§Ù„Ù…Ø³Ù…ÙŠØ§Øª,1
712711148999675904,"@JejMdm @ah156m @CTUUD 
Ø¨Ù„ØºÙˆØ§ ÙˆØ­ÙÙ‘Ø±Øª Ø­ÙƒÙˆÙ…ØªÙ‡Ù… Ø¨ÙŠØ¯ÙŠÙ†Ù‡Ø§ ÙˆØ±Ø¬Ù„ÙŠÙ†Ù‡Ø§ ÙˆØ¯ÙØ¹Øª Ø§Ù„Ù…Ù„Ø§ÙŠÙŠÙ† Ù„ÙƒÙ† Ù…Ø§ ÙÙŠ ÙŠØ¯ Ø§Ù„Ø¹Ø¨Ø¯ Ø­ÙŠÙ„Ù‡ (:",1
665165564122415105,"RT @anbaria_ansaria: ""@serrver_9: Ø¨Ø³Ù… Ø§Ù„Ù„Ù‡ Ø§Ø¨Ø¯Ø£ Ø­Ø³Ø§Ø¨ÙŠ Ø§Ù„ØªØ§Ø³Ø¹
Ø§Ø¨ÙˆØ§Ù„ÙŠÙ…Ø§Ù† Ø§Ù„Ø²Ø±Ù‚Ø§ÙˆÙŠ
ØªÙˆØ«ÙŠÙ‚ Ø§Ù„Ø­Ø³Ø§Ø¨ Ø§Ù„Ø«Ø§Ù…Ù† https://t.co/qtfj2KvQ9C""
Ø§ÙƒØ±Ù…Ùˆ Ø£Ø®ÙˆÙ†Ø§ Ø¬Ø²Ø§ÙƒÙ… Ø§Ù„Ù„Ù‡ Ø®ÙŠØ±Ø§",1
564502237670830080,@polemicablog @mohammed142857 or if necessary to divorce,1
556160668639195136,@al_jozelhind1 @BintMath thanku for the screenshot. I just intended to piss off kuffaar thats all...:),1
553744523839700992,"Keep Tuhin, Mustakeem and Abu Nusaybah in your Ad'iyah, including all the other muslim prisoners, May Allaah hasten their release. Ameen",1
564323128818798593,"RT @uygaraktas: In Ramadi, two Sunnis,driving a car that had license plates from Saudi Arabia  were executed by shiite militants after being stopped at a CP",1
747155572819173376,@ahmedsaadir we have videos of shia slicing civilians like kebabs over fires. I call bullshit.,1
555203032976089088,RT @dralmnbt7: Ø¥ØµØ¯Ø§Ø± Ø¬Ø¯ÙŠØ¯ Ø£Ù†ØµØ­ Ø¨Ù…Ø´Ø§Ù‡Ø¯ØªÙ‡ Ù…Ù† Ø¥Ù†ØªØ§Ø¬ Ù…Ø¬Ù…ÙˆØ¹Ø© Ø§Ù„Ø¨Ø§Ø­ÙˆØ«Ø§Øª Ù†Ø§ÙŠÙ Ø¨Ù† Ø®Ø§Ù„Ø¯ Ø§Ù„ØªØ´Ø¨ÙŠØ­ÙŠÙ‡ Ø§Ø³Ù… Ø§Ù„Ù…Ø³Ù„Ø³Ù„ Ø®ÙˆØ§Ø±Ø¬ Ø§Ù„ØºØ±Ø¨ ÙØ±Ù†Ø³Ø§ !!!!!!!!!!!!! http://t.co/qM5dVNbntA,1
555403327207268352,@Areeeej1991 @hema_ana_99 @alinaad55 @shaybaali2 Ù…Ø²Ù…Ø² ÙÙŠ Ø­Ø°Ø§Ø¡ Ø§Ù„Ù…Ø¤Ø³Ø³ Ù„Ø­ÙŠÙ† Ø§Ù†ØªÙ‡ÙŠ Ù…Ù† Ø­Ø¯ÙŠØ«ÙŠ Ù…Ø¹ Ø§Ù„Ø§Ø±Ù‡Ø§Ø¨ÙŠÙŠÙ† http://t.co/W8rGxb3skA,1
753761444546523136,They are all dog... https://t.co/fGp5l2IJ0N,1
555061416491626496,"RT @aslan6s: â€œ@EbuAtilla: Åeyh Adnani HAFÄ°ZEHULLAH DuasÄ± 

https://t.co/i1Gr606Czy http://t.co/tiVmjbbFuaâ€",1
709116314149847040,"RT @Longshot_Scott: Nearly 6,000 followers... You can do better than this. RT the ABOVE tweet!

I'll be disappointed in every single one of you who doesn't. ğŸ˜˜",1
665899071287070720,@_alifpasai12 jazak allah khayr,1
553265739227205632,Attack on Nubl & Zahraa is intensifying #Dua,1
710936847069872129,"Ø¥Ø°Ø§ Ù„Ø§Ø­Øª Ù„Ù‡Ù… Ø³ÙÙˆÙØ¯ Ø§Ù„Ù…Ù†Ø§ÙŠÙ€Ù€Ù€Ø§
ØªÙ„Ù‚Ù‘ÙˆÙ‡Ø§ Ø£Ø³Ù€Ù€Ù€Ù€Ù€ÙˆØ¯Ø§Ù‹ Ù†Ø§Ø·Ø­ÙŠÙ†Ù€Ù€Ù€Ø§
ÙˆØ¥Ù† Ù†Ù‡Ø¶ÙˆØ§ ÙØµÙˆØªÙ‡ÙÙ…Ù ÙŠØ¯ÙˆÙ‘ÙŠ
ÙØªØ­Ø³Ø¨ Ø£Ù† ØµÙˆØªÙ‡Ù€ÙÙ…ÙØ§ Ø§Ù„Ù…Ù†ÙˆÙ†Ù€Ù€Ù€Ø§ https://t.co/bKWYuy2DSQ",1
571056126592204801,"RT @sniper_shadow11: (Ø®Ø·Ø¨Ø© Ø§Ù…ÙŠØ± Ø§Ù„Ù…Ø¤Ù…Ù†ÙŠÙ† Ø§Ù„Ø®Ù„ÙŠÙØ© Ø§Ø¨Ùˆ Ø¨ÙƒØ± Ø§Ù„Ø¨ØºØ¯Ø§Ø¯ÙŠ)

 http://t.co/lj4RoH1iAc

#Ø§Ù„Ø­Ù…Ù„Ø©_Ø§Ù„Ø¹Ø§Ù„Ù…ÙŠØ©_Ù„Ù†ØµØ±Ø©_Ø§Ù„Ø¯ÙˆÙ„Ø©_Ø§Ù„Ø¥Ø³Ù„Ø§Ù…ÙŠØ© http://t.co/vzaTbWz5Wo",1
734487727228518400,RT @a_yasil: @ansaryis3_4 Ø§Ø±ÙŠØ¯ Ù…ÙˆÙ‚Ø¹ Ù†Ø§Ø´Ø± Ø§Ø°Ø§ Ø§Ù…ÙƒÙ†,1
569480516581388289,"Free Lecture
Topic: FIQH of TAHARAH
T: 2-4pm UK
D: Today 22/2/15
Lecturer: @anjemchoudary
Paltalk: UK Dawah
Watch via:http://t.co/uWgrLOu9o8",1
666021616690724866,"#Ø¯ÙˆÙ„Ø©_Ø§Ù„Ø®Ù„Ø§ÙØ© 
#ÙˆÙ„Ø§ÙŠØ©_Ø§Ù„Ø£Ù†Ø¨Ø§Ø± 
#ØµÙˆØ±_Ù…Ù†_Ø£Ø±Ø¶_Ø§Ù„Ø®Ù„Ø§ÙØ© 
Ø¥Ø­Ø¯Ù‰ Ù…Ø­Ø·Ø§Øª Ø¶Ø® ÙˆØªÙ†Ù‚ÙŠØ© Ù…ÙŠØ§Ù‡ Ø§Ù„Ø´Ø±Ø¨
https://t.co/IHEU0j4LWD https://t.co/EzjhBBXasM",1
554002228789665792,(Ø§ØµÙ„ÙˆÙ‡Ø§ ÙØ§ØµØ¨Ø±ÙˆØ§ Ø£Ùˆ Ù„Ø§ ØªØµØ¨Ø±ÙˆØ§ Ø³ÙˆØ§Ø¡ Ø¹Ù„ÙŠÙƒÙ… Ø¥Ù†Ù…Ø§ ØªØ¬Ø²ÙˆÙ† Ù…Ø§ ÙƒÙ†ØªÙ… ØªØ¹Ù…Ù„ÙˆÙ†) [Ø§Ù„Ø·ÙˆØ±:16] http://t.co/0HGgn8t8f6,1
711923060669083648,"ÙŠÙ‚ÙˆÙ„ÙˆÙ† Ø§Ù†Ø¬Ù„Ø¯Ù†Ø§ ÙˆØ§Ø­Ù†Ø§ ØµØºØ§Ø± .. ÙˆØ§Ù„Ø­Ù…Ø¯Ù„Ù„Ù‡ Ø£Ù…ÙˆØ±Ù†Ø§ Ø·ÙŠØ¨Ø©!
Ø§Ù„Ø­Ù…Ø¯Ù„Ù„Ù‡ Ø£Ù†ÙƒÙ… Ø§Ø³ØªØ·Ø¹ØªÙ… ØªØ¬Ø§ÙˆØ² Ø§Ù„Ø¢Ø«Ø§Ø±ØŒ ÙˆÙ„ÙƒÙ† ÙƒØ«ÙŠØ± Ù…Ù† Ø§Ù„Ø£Ø·ÙØ§Ù„ ØªØ¹Ù‚Ø¯Øª Ø­ÙŠØ§ØªÙ‡Ù…!
#Ø¬Ù„Ø¯_Ø§Ù„Ø¹Ù…_Ù…Ø¹ÙŠØ¶",1
562207871874498560,RT @MT_SS1: 6 - Ø¨Ø¹Ø¶ Ù…Ù† ØªØºØ±ÙŠØ¯Ø§ØªÙ‡Ø§ http://t.co/v0BPN9pDpD,1
710812064185450496,"RT @vanishedakh: Des dons, des duaa, tout ce que vous pouvez... Puisse Allah soit satisfait de son Ã¢me. RT RT https://t.co/OwbtY9kheZ",1
712273078773010433,"RT @rouzya: Ù…Ø§ Ø²Ø§Ù„ ÙÙŠ Ù†Ø¸Ø±ÙŠ Ø§Ø¹ØªÙ‚Ø§Ø¯ Ø§Ù„Ø·ÙÙˆÙ„Ø© .. Ø¥Ù†Ù‡ Ù…Ù„Ø§Ùƒ
ØªÙ‚Ø¨Ù„Ù‡ Ø§Ù„Ù„Ù‡ ÙÙŠ Ø²Ù…Ø±Ø© Ø§Ù„ØµØ§Ù„Ø­ÙŠÙ† Ø§Ù„ØµØ§Ø¯Ù‚ÙŠÙ† ÙˆØ£ÙƒØ±Ù…Ù‡ Ø¨Ø§Ù„ÙØ±Ø¯ÙˆØ³ Ø§Ù„Ø£Ø¹Ù„Ù‰ â¤ https://t.co/OKMobkmMZj",1
555954436594741248,"Zina is a capital punishment, if you're caught or confess the Punishment will be handed down. There is NO DIFFERENCE BETWEEN A MAN & A WOMEN",1
555077615988391936,"Ø§Ù„Ù„Ù‡Ù… Ø¥Ù†ÙŠ Ø£Ø¹ÙˆØ° Ø¨Ùƒ Ù…Ù† Ù…Ù†ÙƒØ±Ø§Øª Ø§Ù„Ø£Ø®Ù„Ø§Ù‚ ØŒ ÙˆØ§Ù„Ø£Ø¹Ù…Ø§Ù„ ÙˆØ§Ù„Ø£Ù‡ÙˆØ§Ø¡
http://t.co/bgfGbVYtbp",1
734420163970408448,RT @167_pasm: @AppleSUX @xSa3iidxx ÙˆÙ‡Ø°Ø§ Ù‡Ùˆ Ø²ÙˆØ¬Ùƒ Ø§Ù„Ù…ØµÙˆÙ† https://t.co/LSKBAA3ERl,1
711888220854865920,"#ÙˆÙƒØ§Ù„Ø©_Ø§Ø¹Ù…Ø§Ù‚
#Ù…Ø±ÙŠØºÙ„ Ùˆ #Ø§Ù„Ø·ÙˆÙ‚Ù„ÙŠ ÙÙŠ Ø±ÙŠÙ #Ø­Ù„Ø¨ Ø§Ù„Ø´Ù…Ø§Ù„ÙŠ Ø¨Ø¹Ø¯ Ø§Ø¹Ø§Ø¯Ø© Ø§Ù„Ø³ÙŠØ·Ø±Ø© Ø¹Ù„ÙŠÙ‡Ù…Ø§ Ù…Ù† Ù‚Ø¨Ù„ Ø§Ù„Ø¯ÙˆÙ„Ø©
https://t.co/KHiBSxSe4j https://t.co/zV59hQLv33",1
666020314342686720,"RT @wafa_tnt3: Ø§Ù„ÙŠÙˆÙ… Ù…Ø¯ÙŠÙ†Ø© #Ø¯Ø±Ù†Ø© Ø´Ù‡Ø¯Øª Ø§Ø´ØªØ¨Ø§ÙƒØ§Øª Ø¹Ù†ÙŠÙØ© Ù…Ù†Ø° Ø§Ù„ÙØ¬Ø±
ÙƒØ§Ù† Ø¨Ø§Ø¹ØªÙ‚Ø§Ø¯ ØµØ­ÙˆØ§Øª Ø¯Ø±Ù†Ø© Ø£Ù†Ù‡Ù… Ø³ÙŠÙ†Ù‡ÙˆÙ† Ø§Ù„Ù…Ø¹Ø±ÙƒØ© ÙˆÙ„ÙƒÙ† Ø£Ø³Ø¢Ø¯ Ø¯ÙˆÙ„ØªÙŠ ÙƒØ§Ù„Ø¹Ø§Ø¯Ø© ÙŠØ³Ø·Ø±ÙˆÙ† Ø§Ù„Ù…Ù„Ø§Ø­Ù… ÙˆÙ‡Ø°Ø§ ÙØ¶Ù„ >",1
745568595304906752,"@001_xeroxxxxxx @KhalidGhazali_1 true, that is what Allah says in quran. I get what you are saying akhi.",1
564189149822214144,RT @MassDeception1: http://t.co/Ziyc5OQLuZ,1
555165844003897347,RT @InviteToIslam: We will soon add a live chat feature on http://t.co/JW4g4kJhkY operated by the @eDialogueCenter team who have over 60 professional du'at,1
564527562400231424,"@bstock701 if the debt is written off - then no need to pay back. if no inheritors, then the khalifah will be guarantor for all debts",1
567949998597533696,Pls support and retweet @ElSomalee his previous account was suspended but Alhamdulilah he is back.,1
556388278837186560,Ø§Ù„Ø³Ù„Ø§Ù… Ø¹Ù„ÙŠÙƒÙ… ÙˆØ±Ø­Ù…Ø© Ø§Ù„Ù„Ù‡ http://t.co/ZVgFbAHJdZ,1
734524154179883009,"RT @MarkJournal_01: RT for support. Djazzakom Allah.

Regards,

Fjodor.",1
563213346863079425,"RT @ExposeFalsehood: @AbuAlbaraaSham above all, he's an actor  (like him); he was on Star Trek once.",1
561693761437433856,"RT @AbbsWinston: Zionism is NOT Judaism
#Respect http://t.co/lirm3mdOKN",1
571048607815741440,RT @as_1870: Ù†Ø­ØªØ§Ø¬ ÙØ±ÙŠÙ‚ Ø§Ø³ØªØ®Ø¨Ø§Ø±Ø§ØªÙŠ ÙÙŠ ØªÙˆÙŠØªØ± ÙŠØ±ØµØ¯ Ø£ÙŠ Ø¹Ù…Ù„ÙŠØ© Ø¬Ù…Ø¹ ÙˆØ­ØµØ± Ù„Ø­Ø³Ø§Ø¨Ø§Øª Ø§Ù„Ø£Ù†ØµØ§Ø± :),1
607723554336047104,@_LaDy_GhUrAbA_  ğŸ˜¨ğŸ˜¨ğŸ˜¨,1
665304611511664640,RT @BiladFransa: Le prÃ©sident @fhollande a annoncÃ© la fermeture des frontiÃ¨res. #fusillades #Paris,1
564905950591844352,"RT @TraditionalJews: JERUSALEM: Protests on Kikar Shbbos after anti-Zionist students arrested 4 not showing up to Zionist IDF recruitment.
http://t.co/MeCWG9XCnM",1
553519435550826496,"#PT Now you know how possible it is to take their lands for Allah, and annex to caliphate. Remember, Turkey will fall with takbir alone.",1
554744914089877504,Ø§Ù„Ù„Ù‡Ù… ØªÙˆÙÙ†Ù‰ Ùˆ Ø§Ù†Øª Ø±Ø§Ø¶ Ø¹Ù†Ù‰,1
555034011312345089,"@Haliisheikh @WWitness99 #IS has way more people with knowledge, they know if this is permissible or not.",1
561630795673395203,@takbirjihaadi http://t.co/EGLda4QY1B,1
709641698511560704,"#The_Islamic_Sate will now be a formidable force in #Syria, all groups-JN/Ahrar etc will be given ultimatum-
EITHER BE WITH US OR AGAINST US",1
734399143158898688,RT @turshanraja1: Ø§Ù„Ø¬Ù„ÙŠÙ„ .... ÙÙŠ ÙÙ„Ø³Ø·ÙŠÙ† Ø§Ù†Ù‡Ø§ Ø¬Ù†Ø© Ø§Ù„Ø£Ø±Ø¶ https://t.co/q8xE01bZ7y,1
710670721416962049,"RT @1Ak187: ""An American Muslim is more beloved to me than an Arab Mushrik even if he came from the same mother.""

Abu Musab az Zarqawi",1
571853687691325441,"RT @ahmadmusajibril: Never miss Fajr:
 
Its 2 Fard grants u ALLAH'S protection
Its 2 Sunnah are better than this world & what's in it
Its Koran is ever witnessed",1
553551466557108226,"@archicivilians it is not only #JAN !
many other groups are taking share in this operation including #FSA groups .. stop this propaganda",1
553683443104890881,"ØºØ²ÙˆØ© #Ø´Ø§Ø±Ù„ÙŠ_Ø§ÙŠØ¨Ø¯Ùˆ Ø§Ù„Ù…Ø¨Ø§Ø±ÙƒØ© Ø¥Ø¶Ø§ÙØ©Ù‹ Ù„ÙƒÙˆÙ†Ù‡Ø§ Ø«Ø£Ø±Øª Ù„Ø­Ø¨ÙŠØ¨Ù†Ø§ Ø§Ù„Ù…ØµØ·ÙÙŠ ÙˆØ´ÙØª ØµØ¯ÙˆØ± Ø§Ù„Ù…ÙˆØ­Ø¯ÙŠÙ†
ÙƒØ°Ù„Ùƒ Ù‡ÙŠ ÙØ¶Ø­Øª Ø¨Ù„Ø§Ø¹Ù…Ø© Ø§Ù„Ø³ÙˆØ¡ ÙˆÙƒØ´ÙØª ÙƒØ°Ø¨ Ø¥Ø¯Ø¹Ø§Ø¡ Ø­Ø¨Ù‡Ù… Ù„Ø£Ø´Ø±Ù Ø§Ù„Ø®Ù„Ù‚",1
666694659440275456,#Merkel exfiltre du stade,1
662683794521104385,@ImranGetu4 @Al_Amriki7954 #islamicstate #caliphate #cubs,1
562538512587956225,Ay Binti Kashmir (O! Daughter of Kashmir) WELL DRINK THE BLOOD OF INDIAN ARMY  http://t.co/DIEf9gGkHk,1
562726925509361664,"RT @katfqanoni203: Ù…Ù† Ù‡Ùˆ Ù…Ø¹Ø§Ø°ØŸ
Ø·ÙŠØ§Ø±Ø£Ø±Ø¯Ù†ÙŠ
ÙŠØ¹Ù†ÙŠ Ù…Ø³Ù„Ù…ØŸ
ÙˆØ´ Ø¬Ø§Ø¨Ù‡ Ù„Ù„Ø±Ù‚Ø©ØŸ
ÙŠÙ†ÙØ°Ø·Ù„Ø¹Ø§Øª Ù„Ù„ØªØ­Ø§Ù„Ù
Ø£ÙŠ ØªØ­Ø§Ù„ÙØŸ
Ø§Ù„Ø£Ù…Ø±ÙŠÙƒÙŠ Ø§Ù„Ø¹Ø±Ø¨ÙŠ
ÙŠØ¹Ù†ÙŠ Ù…Ø±ØªØ¯ØŸ
ÙˆÙ„ÙŠØ´ Ù‚ØªÙ„ÙˆÙ‡ØŸ
ÙŠØ§Ù„ÙŠÙŠÙŠÙ„ Ù…Ø§ Ø§Ø·ÙˆÙ„Ùƒ....",1
555352651483717633,"RT @GenjuroKibagami: #WhoIsMuhammad
Inilah Nabi Muhammad ØµÙ„Ù‰ Ø§ Ù„Ù„Ù‡ Ø¹Ù„ÙŠÙ‡ ÙˆØ³Ù„Ù… menurut Tokoh-tokoh
http://t.co/3tnzjScIFK",1
561607866197364736,@Detectives_88 ØªØ±Ù‰ Ù…Ø§ Ø®Ø±Ø¨ Ø¹Ù„Ù‰ Ø§Ù„Ø´Ø¹Ø¨ Ø§Ù„Ù‰ Ø§Ù„Ù…ØªØ¬Ù†Ø³ÙŠÙ† ÙˆÙ…Ù‡Ù…Ø§ ØµØ§Ø± ÙŠÙ…Ø¯Ø­ÙˆÙ† ÙˆÙŠØ­Ø¨ÙˆÙ† Ø§Ù„ Ø³Ù„ÙˆÙ„ Ø­ØªÙ‰ Ù„Ùˆ ÙˆØ¶Ø¹ Ù…Ø±Ø§Ù‚Øµ ÙˆØ®Ù…ÙˆØ± #Ø­Ù‚ÙŠÙ‚Ù‡ http://t.co/TAc53A7H8w,1
561861256806547456,"RT @sameeraalduheem: Ù„Ù„ØªÙˆ Ø®Ø±Ø¬Ù†Ø§ Ù…Ù† Ø²ÙŠØ§Ø±Ø© #Ø§Ù„Ø´ÙŠØ®_Ø®Ø§Ù„Ø¯_Ø§Ù„Ø±Ø§Ø´Ø¯ 
Ù„Ø§ Ø¬Ø¯ÙŠØ¯ Ø¹Ù†Ø¯Ù‡
#ÙŠØ§Ø±Ø¨ Ø¨Ù„ØºÙ†Ø§ Ø¨Ù‚Ø¯Ø±ØªÙƒ ØµØ¨Ø±Ø§ ÙˆØ«Ø¨Ø§ØªØ§ ÙˆÙØ±Ø¬Ø§ 
#Ù…Ù†_Ø£Ø®Ø¨Ø§Ø±_Ø§Ù„Ø´ÙŠØ®_Ø®Ø§Ù„Ø¯_Ø§Ù„Ø±Ø§Ø´Ø¯  
#Ø®Ø§Ù„Ø¯_Ø§Ù„Ø±Ø§Ø´Ø¯",1
554881869440090113,@AbuAustral Al Haqq Media,1
556167384084783104,"They will give the benefit of the doubt to the apostate rulers.
But if they hear a plate break they will issue a fatwa to kill mujahideen",1
555725451323506688,AlAzm center : Message to the Crusader alliance | cybercaliphate: http://t.co/pvwdTmGCpX via @YouTube,1
607453053873065984,"@ismail_yasa 
Ø§Ù„ÙØ§Ù„ Ù„Ø¬Ù…ÙŠØ¹ Ø§Ù„Ø¯ÙˆÙ„ Ø§Ù„Ø¹Ø±Ø¨ÙŠØ© Ø¥Ù† Ø´Ø§Ø¡ Ø§Ù„Ù„Ù‡ ØªØ®ØªØ§Ø± Ù†ÙˆØ§Ø¨Ù‡Ø§ ÙˆØ­ÙƒÙˆÙ…Ø§ØªÙ‡Ø§ØŒ #ØªØ±ÙƒÙŠØ§ Ø³Ø¨Ù‚Øª Ø§Ù„Ù…Ù†Ø·Ù‚Ø© Ø¨Ù…Ø±Ø§Ø­Ù„.. Ø§Ù„Ù„Ù‡Ù… ÙˆÙÙ‚Ù‡Ø§ Ù„Ù†Ù‡Ø¶Ø© ÙˆØªÙ†Ù…ÙŠØ© ÙˆØ¹Ø¯Ø§Ù„Ø©",1
554686258526838786,Jabhat Al Nusra | Qalmoun | In result to the security break down in Lebanon you will hear surprises in the fate of prisoners of war we hold.,1
713137340173139969,"RT @made0in0war: 1-Ø­Ø´Ø¯ Ø§Ù„Ø¬ÙŠØ´ Ø§Ù„ØµÙÙˆÙŠ Ø¹Ø¯Ø¯ ÙƒØ¨ÙŠØ± Ù…Ù† Ø§Ù„Ù‚ÙˆØ§Øª Ù„Ù…Ø¹Ø±ÙƒØ© Ø­Ù…Øµ Ù…Ø³ØªÙÙŠØ¯ÙŠÙ† Ù…Ù† Ø§Ù„Ù‡Ø¯Ù†Ø© Ù…Ø¹ Ø§Ù„ÙØµØ§Ø¦Ù„ ,ÙÙ‚Ø¯ ØªÙ… Ø³Ø­Ø¨ Ø§Ù„Ù‚ÙˆØ§Øª Ù…Ù† Ø¬Ø¨Ù‡Ø§Øª Ø§Ù„ÙØµØ§Ø¦Ù„ ÙÙŠ Ø­Ù„Ø¨,Ø§Ù„Ø³Ø§Ø­Ù„,Ø¯Ù…Ø´Ù‚ Ùˆ Ø¯Ø±Ø¹Ø§",1
563398877655883776,@IbnNabih1 @ahmedshaheed97 !!!! http://t.co/rTUXSi7KvM,1
555054677549940737,http://t.co/y8hzEGiyWt,1
712410110321098752,"Ø³Ø¨Ø­Ø§Ù† Ø§Ù„Ø°ÙŠ Ù†ØµØ± Ø¹Ø¨Ø¯Ù‡ ÙˆØ§Ø¹Ø²Ù‘ Ø¬Ù†Ø¯Ù‡ 
ÙˆÙ‡Ø²Ù… Ø§Ù„Ø§Ø­Ø²Ø§Ø¨ ÙˆØ­Ø¯Ù‡
#ØºØ²ÙˆØ©_Ø¨Ø±ÙˆÙƒØ³Ù„
#Brussels
#Bruxelles
#brusselsattack
#ISIS https://t.co/KDar20D3Zh",1
563104232887558144,"@hessammhamad @AbuMusaBinKh @Abuazzam13 @Abu_Baraa1 he is not muslim ! .
He loves his nationality more than Islam",1
663811716896137216,"#Save_AlAqsa: #Palestine:  IDF occupation forces shot and wounded at least 2,617 Palestinians in October 2015.... https://t.co/72AAWTEiEe",1
555439492484841473,@SuspendedAccts @Protocol_Shami @Colonel_Shami @IbnAmghar9 @y__dohak @Al_Jabali_4 @hazmansaar @Haqqqseeker @treecatapple @dewla__account,1
753776383948619777,"RT @Rita_Katz: According to reports, #Nice #France attacker (31) originally from #Tunisia",1
720033795080978432,RT @AdamHasakah17: https://t.co/wszfpgsPd5,1
571252975076708352,"http://t.co/xoaN8kWUvB 
usud al sharqiya killed IS mujahideen in deir az zour and say these are presents for SAA general issam zahredeen",1
555490741661626368,"#pt Mujahid:""Islam is a religion of peace,but its a religion of justice,whoever has assaulted us,then we assault 'em"" http://t.co/AvvqNPdncI",1
554575752742842368,RT @uygaraktas: Abbas poses in Paris while thousands of #Palestinians are threatened with death in #Syria http://t.co/sJfgngTOkl,1
555226667581730816,RT @JihadiA6: :) http://t.co/9Lhy1WWIp9,1
555679660991070208,@TheVictoryFront akh need 2 DM,1
664490965386686464,RT. Follow and Support. Jzk Brother and Sisters.  https://t.co/a56Mjuaz75,1
553573005251862528,@Dz_Bara_ah partagez partout,1
2839024889453596516.M,"# Shias, If #mutah is considered as marriage then urine becomes drinking water...
#SeedhiBaat
1 retweet 0 likes
Reply   Retweet  1   
Like  
More
 Azhar Imtiya",1
748029302206242818,"RT @Hebzjja: @Horouf_TnT_3 
 Ø¬Ø²ÙŠØª Ø§Ù„Ø¬Ù†Ù‡ ...",1
666384874924822530,Subhana'Allaah I've never seen so many suspensions in one day. Support each other â˜,1
556504446793162752,"Wilayat #Kirkuk
DAWLA'S SNIPER http://t.co/Ur8DLNgAqU",1
712824396524728320,"#Ø£Ø®Ø¨Ø§Ø±_Ø§Ù„Ø®Ù„Ø§ÙØ©
#ÙˆÙ„Ø§ÙŠØ©_Ø§Ù„Ø£Ù†Ø¨Ø§Ø±

Ø¬Ø§Ù†Ø¨ Ù…Ù† Ø¹Ù…Ù„ Ù…Ø±ÙƒØ² Ø§Ù„Ø¯Ø¹ÙˆØ© ÙˆØ§Ù„Ù…Ø³Ø§Ø¬Ø¯ - Ø¥Ù‚Ø§Ù…Ø© Ù…Ø³Ø§Ø¨Ù‚Ø© Ù„ØªØ¹Ù„Ù… ÙÙ† Ø§Ù„Ø®Ø·Ø§Ø¨Ø© ÙÙŠ Ù…Ø¯ÙŠÙ†Ø© #Ù‡ÙŠØª https://t.co/HpKBdmLnww",1
562602503477686272,"We haven't even reached a Â£1000 for our mother ğŸ˜ don't abandon her, please donate for the sake of Allaah. http://t.co/RgoioeTxnt",1
555503270203256832,@th3killingmoon @speaker1970 @NoosiMsooNs @lortkipanidzeme http://t.co/y3NUnxhtvt,1
666249259193393152,"ğŸ“š |â€¢

â€¢| Ù…Ù‚Ø§Ù„Ø© Ø¬Ø¯ÙŠØ¯Ø©

â€¢| Ø£Ø±Ø«ÙÙŠÙƒÙÙŠ Ø£ÙÙ…ØªÙÙŠ ÙÙ€Ø£ÙØ¹Ù€Ø°ÙØ±ÙŠÙ†ÙÙ€ÙŠ

âœ | Ø£Ø³Ù’Ø£Ù„Ù€ Ø§Ù„Ù„Ù‡ Ø§Ù„Ø´ÙÙ‡Ø§Ø¯Ø© @qq0p9

https://t.co/PLAG0m1KXT https://t.co/rnvpx7cjMb",1
563544624698900481,RT @rashedha111: Ø£Ø­Ø³Ù† Ø§Ù„Ù„Ù‡ Ø¹Ø²Ø§Ø¡Ø§Ù„Ù…Ø³Ù„Ù…ÙŠÙ† Ø¹Ø§Ù…Ø© ÙˆØ£Ù‡Ù„ Ø§Ù„ÙŠÙ…Ù† Ø®Ø§ØµØ© ÙÙŠ Ù…Ù‚ØªÙ„ Ø§Ù„Ø´ÙŠØ® Ø­Ø§Ø±Ø« ÙˆØ£Ø®Ù„Ù Ø§Ù„Ù„Ù‡ Ø§Ù„Ø£Ù…ÙŠØ±Ø§Ù„ØµØ§Ø¨Ø±Ø§Ù„Ù…Ø­ØªØ³Ø¨ Ø§Ù„Ø´ÙŠØ® Ø¨ØµÙŠØ±Ø§Ù„ÙˆØ­ÙŠØ´ÙŠ Ø®ÙŠØ±Ø§ ÙˆØ¥Ù†Ø§Ù„Ù„Ù‡ ÙˆØ¥Ù†Ø§Ø¥Ù„ÙŠÙ‡ Ø±Ø§Ø¬Ø¹ÙˆÙ†,1
753350881366585344,@alras_88 @Abou_djaafar Ù‡Ø§Ø°Ø§ ÙƒÙ„Ù‡ Ø±Ø³Ù…ÙŠ Ùˆ Ù„Ù… ÙŠÙ†ÙÙŠÙ‡ Ø§Ø³ÙŠØ§Ø¯Ùƒ Ø§Ù„Ù…Ø±ØªØ¯ÙŠÙ†ØŒ Ùˆ Ù„ÙŠØ³Øª Ø±Ø³ÙˆÙ…Ø§Øª Ø§Ùˆ ÙÙˆØ·ÙŠØ´ÙˆØ¨Ø§Øª Ù„Ù„Ø§Ø·ÙØ§Ù„ https://t.co/2VjqdWo79I,1
734705893795860480,"Shia militia regiment commander sent to hell in Fallujah.

Their graveyard. https://t.co/7VUOLr8Zws",1
564864753169076225,RT @macroarch: People were furious over this situation. They start with Tripoli and they don't bother to touch Dahyeih that is filled with Hezbollah 1/,1
664855750594985984,"RT @HadithAllDay: The Prophet ï·º said: ""The best marriage is the easiest.â€

{Ø§Ù„ØµØ­ÙŠØ­Ø© Ù¡Ù¨Ù¤Ù¢}",1
810958451832737793,Ø³Ø§Ø¨Ù‚ÙŠÙ† Ø§Ù„Ø³ÙÙŠØ± Ø§Ù„Ø±ÙˆØ³ÙŠ Ù„Ø¥Ø³ØªÙ‚Ø¨Ø§Ù„Ù‡ ÙÙŠÙ…Ø§ ÙŠØ³ØªØ­Ù‚Ù‡ ÙˆÙŠØ³ØªØ­Ù‚ÙˆÙ†Ù‡â€¦ https://t.co/HGE3fjg1Sw,1
553273031242440704,"ØµÙˆØ±Ø© Ø±Ø§Ø¦Ø¹Ø© Ù„Ø´Ø§Ø¨ ÙŠØªÙˆØ¶Ø£ ÙÙŠ Ø¨Ø§Ø­Ø§Øª Ø§Ù„Ø£Ù‚ØµÙ‰ Ø±ØºÙ… Ø¨Ø±ÙˆØ¯Ø© Ø§Ù„Ø·Ù‚Ø³
 #Ø§Ù„Ø¹Ø§ØµÙØ©_Ø§Ù„Ø«Ù„Ø¬ÙŠØ©_Ù‡Ø¯Ù‰ http://t.co/r1i6syEQkO
Ø¹Ø¨Ø± @mnaw7 
Ø±Ø¨Ø§Ø· Ø±ØºÙ… Ø´Ø¯Ø© Ø§Ù„Ø§Ø­ØªÙ„Ø§Ù„ ÙˆØ§Ù„Ø¬Ùˆ!",1
734647403924598784,"RT @ano___ans777: Ø¹Ø´Ø±Ø§Øª Ø§Ù„Ø£Ø³Ø¹Ø§ÙØ§Øª Ø§Ù„Ø£Ø¶Ø§ÙÙŠØ© ØªÙ‡Ø±Ø¹ Ù…Ù† Ù…Ù†Ø§Ø·Ù‚ Ø¨ØºØ¯Ø§Ø¯ Ø£Ù„Ù‰ Ø§Ù„ÙƒØ±Ù…Ø© Ø¨Ø£Ø°Ù† Ø§Ù„Ù„Ù‡ Ù…Ø¬Ø§Ø²Ø± ØªØ´ÙÙŠ Ù‚Ù„ÙˆØ¨ÙƒÙ… 
#ÙƒÙ„Ù†Ø§_Ø§Ù…_Ø§Ù„Ù…Ø³Ø§Ø¬Ø¯",1
665906570472103936,RT @Al_Annabii: Poutine va envoyer 150 000 soldats russes en Syrie !!! https://t.co/e2BKDh1FUT,1
561588076669980673,"RT @abo_hafss_3: Ø§Ù„Ù…ÙƒØªØ¨ Ø§ï»¹Ø¹ï»»Ù…ÙŠ | #ÙˆÙ„Ø§ÙŠØ©_Ù†ÙŠÙ†ÙˆÙ‰
Ø¥ØµØ¯Ø§Ø± Ù…Ø±Ø¦ÙŠ :
Ø±Ø³Ø§Ø¦Ù„ Ù…Ù† Ø£Ø±Ø¶ Ø§Ù„Ø±Ø¨Ø§Ø· 1

https://t.co/20KOZje4YB

#Ø§Ù„Ø¯ÙˆÙ„Ø©_Ø§Ù„Ø¥Ø³Ù„Ø§Ù…ÙŠØ©
http://t.co/pW5Em7A6xw",1
789825238900969472,"RT @ForestsOfCongo: #Iraq-i Army torturing kidnapped Muslim civilians who fled as refugees near #Mosul

https://t.co/BWkKUhXqcI",1
553591491483168768,@alwalawalbaraaa Ø´Ù‡Ø¯Ø§Ø¡ Ø§Ù†Ø´Ø§Ø¡ Ø§Ù„Ù„Ù‡,1
561664786690105345,"@syrianalann 
ÙØ£ÙŠ Ø±Ø¯Ø©Ù Ø¨Ø¹Ø¯ Ù‡Ø°Ù‡!",1
666246069404229632,"Ø¯Ø¹Ù… Ø¹Ø§Ø§Ø§Ø§Ø§Ø§Ø¬Ù„ Ùˆ ØµØ§Ø§Ø§Ø§Ø§Ø§Ø§Ø±ÙˆØ®ÙŠ
ğŸš€ğŸš€ğŸš€ğŸš€ğŸš€ğŸš€ğŸš€ğŸš€ğŸš€ğŸš€ğŸš€ğŸš€
Ù„Ù„Ø£Ø® Ø§Ù„ÙØ§Ø¶Ù„ Ø§Ù„Ø¨Ø§Ø­Ø« Ø§Ù„Ø£Ù…Ù†ÙŠ
â¬â¬â¬â¬â¬â¬â¬â¬â¬â¬â¬â¬
 https://t.co/8LgUCM4UwG",1
570977664191893505,RT @alheetari22: Ù…Ø§ Ø£Ø­Ù„Ù‰ ØµÙˆØ± Ø§Ù„Ø¬Ù‡Ø§Ø¯ ÙˆØ§Ù„Ù…Ø¬Ø§Ù‡Ø¯ÙŠÙ† ÙˆÙ‡Ù… ÙŠÙ‡Ø¯Ù…ÙˆÙ† Ù‚Ø¨Ø±Ø§ Ø£Ùˆ ÙŠÙ‚ØªÙ„ÙˆÙ† Ù…Ø±ØªØ¯Ø§ Ø£Ùˆ ÙŠÙ†ÙØ°ÙˆÙ† Ø­Ø¯Ø§ Ø£Ùˆ ÙŠØ¨Ù†ÙˆÙ† Ø¬Ø³Ø±Ø§ Ø£Ùˆ ÙŠØµÙ†Ø¹ÙˆÙ† Ø³Ù„Ø§Ø­Ø§  Ø£Ùˆ ÙŠØ¹Ù„Ù…ÙˆÙ† Ø¬Ø§Ù‡Ù„Ø§,1
553600686928445440,"Troll kafirs: I block your Tweets without even reading. Now die in your rage even more!

#JeSuisKouachi",1
662522724800143360,"""And remember the Name of your Lord & devote urself to Him with a complete devotion""
Quran 73:8
#FreeMuslimPrisoners https://t.co/TBQdIn1pnP",1
744931649733926912,"ğŸ”»
#Ø¹Ø§Ø¬Ù„
#ÙˆÙƒØ§Ù„Ø©_Ø£Ø¹Ù…Ø§Ù‚

 Ù…Ù‚Ø§ØªÙ„Ùˆ Ø§Ù„Ø¯ÙˆÙ„Ø© Ø§Ù„Ø¥Ø³Ù„Ø§Ù…ÙŠØ© ÙŠØ³ÙŠØ·Ø±ÙˆÙ† Ø¹Ù„Ù‰ Ù‚Ø±ÙŠØ© Ø®Ø±Ø¨Ø© Ø§Ù„Ø±ÙˆØ³ Ù‚Ø±Ø¨ Ù†Ø§Ø­ÙŠØ© #Ø£Ø¨Ùˆ_Ù‚Ù„Ù‚Ù„ Ø¬Ù†ÙˆØ¨ #Ù…Ù†Ø¨Ø¬ Ø¨Ø±ÙŠÙ #Ø­Ù„Ø¨ https://t.co/AYb2SkrgkP",1
561542697517735936,"RT @KUWTIYA: Ø§Ø±ØªÙØ§Ø¹ Ø¹Ø¯Ø¯ Ù…Ø¨ÙŠØ¹Ø§Øª Ø§Ù„Ù…ØµØ§Ø­Ù ÙÙŠ ÙØ±Ù†Ø³Ø§ Ø¨Ø¹Ø¯ Ø­Ø§Ø¯Ø« #Ø´Ø§Ø±Ù„ÙŠ_Ø§ÙŠØ¨Ø¯Ùˆ

Ø³Ø¨Ø­Ø§Ù† Ø§Ù„Ù„Ù‡ ÙŠØ­Ø§Ø±Ø¨ÙˆÙ†Ù‡ ÙÙŠØ²ÙŠØ¯ Ø§Ù†ØªØ´Ø§Ø±Ø§Ù‹
. http://t.co/Dejk1q9CPo",1
662656345796182021,"We are Muslims, the beautiful title Allaah gave us to call ourselves. AlhamdulillÄh",1
753344335681290240,"Si les Saoud s alliaient au Chaytane en personne ctre les moujahidines, tu verrais les talafs se ranger du cÃ´tÃ© des premiers. Pourritures !",1
569496934949335040,"RT @UlamaWitness: ""If one misses Salah for studies or simiar, he may fall into shirk of love (leaving worship for something else)!"" http://t.co/Bxy5fhoWis",1
554381620782718977,"Very impressive
fighters holding the fronts in #Lattakia despite the #HudaStorm
RT
http://t.co/3fUD48AWF7",1
665520249920462848,@JKhashoggi Ù„ÙŠØ´ Ø§Ø±Ù‡Ø§Ø¨ÙŠÙ‡ Ù„ÙŠØ´ Ù…Ø§ÙÙŠÙƒÙ… Ø§Ù†ØµØ§Ù Ø§Ù„Ø¹Ø§Ù„Ù… ÙƒÙ„Ù‡ ÙŠØ¶Ø±Ø¨ Ø¯Ø§Ø¹Ø´ Ø§Ù„Ø§ ØªÙ…ÙƒÙ„Ùƒ Ø¯Ø§Ø¹Ø´ Ø­Ù‚ Ø§Ù„Ø±Ø¯ Ù…Ø§ ÙŠÙƒÙÙŠ Ø§Ù†ÙƒÙ… ØªÙ‚ØµÙÙˆÙ†Ù‡Ø§ ØªØ±Ø¯ÙˆÙ† Ø§Ù„Ø§ ØªØ±Ø¯ Ø¨Ø¹Ø¯ Ù‡Ø²Ù„Øª ÙˆØ§Ù„Ù„Ù‡,1
734467878464983044,"#ÙƒÙ„Ù†Ø§_Ø§Ù…_Ø§Ù„Ù…Ø³Ø§Ø¬Ø¯
Ø§Ù„Ù‰ Ø¹Ù„Ù…Ø§Ø¡ Ø§Ù„Ø­ÙŠØ¶ Ù†Ù‚ÙˆÙ„ 
Ø¹Ù†Ø¯Ù…Ø§ ÙŠØªÙƒÙ„Ù… Ø§Ù‡Ù„ Ø§Ù„Ø«ØºÙˆØ± ÙŠØµÙ…Øª Ø§Ù‡Ù„ Ø§Ù„Ø¬Ø­ÙˆØ±",1
562883622064377856,"@zabihmujahid @najmudi Americans will say ""it crashed due to technical issues"" like always ,YH sure.",1
668247946429898753,"@IHWCo Let them hang in on their tree, its the least they got after all their leaders left to join the Islamic State.",1
571882722483826690,@miramaurice http://t.co/y3flOG3hZW http://t.co/e7rsQuiDks http://t.co/ZXZkPFEUCn http://t.co/WGj18w2daQ http://t.co/VU1v8dxPi8,1
569581520589099011,"Ok so shabab calls for attacks on oxford st, #London all Muslims should be careful and avoid it the area.  A warning has been issued",1
665834045209780224,@meh38Za Jazak ALLAH khair sister May Allah bless youğŸ’™,1
554547398312071168,RT @BelovedAiysha: @dawla___account my heart flutters and my eyes tear up 2see a country gathered in thousands 2defend our BelovedMuhammad ï·ºâ¤ï¸,1
666124291646341120,"RT @abdullahaltapa: Disaat yg dbantai itu muslim kalian diam, disaat yg mati itu kafir kalian mengonggong. Bukankah kalian muslim, muslim itu satu tubuh.",1
663712085075996672,@SultanMarshad Ø§Ù†Ø§ Ø§Ù†Ø´Ø± Ø§Ù„Ø´Ø± ØŸØŸ,1
562168444490354688,@anglo_klaxon these guys are so tough the half kill themselves to show there serious,1
565247604234416128,RT @S0ldier__: #true http://t.co/GyfdEuMpCd,1
567406362007961601,Pls follow are spread our brother's new account @khilafah_news__,1
564372250040627201,"4.Sahabeler, Mute savaÅŸÄ±nda yara almÄ±ÅŸ ve hudeybiye sulhu ile geri Ã§ekilmiÅŸlerdi.Allah, Kuran da bunun apaÃ§Ä±k Fetih olduÄŸunu sÃ¶ylemiÅŸtir.",1
555026498420473857,RT @XHNews: Chinese military doctors leave Beijing for Sierra Leone to help the West African nation fight Ebola http://t.co/63Wratoafu,1
666710456002674688,RT @NetworkTawheed: #TawheedNetwork https://t.co/Or2PCPL2jl,1
734117589312544768,@XboxAbu @janatulnaeem222 Ù‡Ùˆ Ø´ÙƒÙ„Ù‡ Ù…Ø§ ÙŠØ¹Ø±Ù Ø¹Ø±Ø¨ÙŠ Ø¨Ø³ Ù‚Ø§Ø¹Ø¯ ÙŠÙ‡Ø§ÙŠØ· ÙˆØ³ÙˆÙŠ Ù†ÙØ³Ù‡ ÙØ§Ù‡Ù… ğŸ˜­ğŸ˜‚,1
711716406820270080,"#ÙˆÙƒØ§Ù„Ø©_Ø£Ø¹Ù…Ø§Ù‚
Ù…Ù‚Ø§ØªÙ„Ùˆ Ø§Ù„Ø¯ÙˆÙ„Ø© Ø§Ù„Ø¥Ø³Ù„Ø§Ù…ÙŠØ© ÙŠØ³ØªØ¹ÙŠØ¯ÙˆÙ† Ø§Ù„Ø³ÙŠØ·Ø±Ø© Ø¹Ù„Ù‰ Ù‚Ø±ÙŠØªÙŠ #Ù…Ø±ÙŠØºÙ„ Ùˆ #Ø§Ù„Ø·ÙˆÙ‚Ù„ÙŠ ÙÙŠ Ø±ÙŠÙ Ø­Ù„Ø¨ Ø§Ù„Ø´Ù…Ø§Ù„ÙŠ ÙˆØ³Ù‚ÙˆØ· 15 Ù‚ØªÙŠÙ„Ø§ ÙˆØ¬Ø±ÙŠØ­Ø§ Ù…Ù† ÙØµØ§Ø¦Ù„ Ø§Ù„Ù…Ø¹Ø§Ø±Ø¶Ø©",1
553290208951934976,@_AK_47_S @Salah_ad_Din1 loool sis peak,1
562617431630565378,"RT @sheikh_fulaani: Bismillah...

The 7th account. Previously known as fulaan_akh / FulaanBro / Sheikh Fulaan. More details will be put later.",1
712404500582039552,RT @AliIdris87a: @Raqqa_SL #Amaaq reports he's sound and alive. https://t.co/nxb8IpS06E,1
810649453480779777,@itsayshaxo @IkramH28 nokali what kind of bengali dont like tea,1
712641278391922688,"RT @syamilaJASMlN: Amaliyat istisyhad memukul sentralisasi kekuatan rezim Suriah di kawasan industri Deir al-Zour
Allahuakbar!! https://t.co/fBUf7insvm",1
554066869276401665,(ÙÙƒØ°Ø¨ÙˆÙ‡ ÙØ£Ø®Ø°Ù‡Ù… Ø¹Ø°Ø§Ø¨ ÙŠÙˆÙ… Ø§Ù„Ø¸Ù„Ø© Ø¥Ù†Ù‡ ÙƒØ§Ù† Ø¹Ø°Ø§Ø¨ ÙŠÙˆÙ… Ø¹Ø¸ÙŠÙ…) [Ø§Ù„Ø´Ø¹Ø±Ø§Ø¡:189] http://t.co/0HGgn8t8f6,1
734733730410008576,"#Ä°slamDevleti 
#HilafetTR 
#HorasanVilayeti 

ZÃ¼beyr Bin Avvam -Radiyallahuanhu- BÃ¶lÃ¼ÄŸÃ¼nden GÃ¶rÃ¼ntÃ¼ler https://t.co/yvsTTtXAzn",1
667365746410921984,@AbdugheniSabit @SaqrQaiid did daesh execute them officially?,1
554428682836905985,RT @Elverojaguar: http://t.co/auWDgIlEtd,1
734414308256456704,"RT @FajrAliraq_News: Ø£Ù‡Ø§Ù„ÙŠ Ù‚Ø¶Ø§Ø¡ Ø§Ø¨Ùˆ ØºØ±ÙŠØ¨ ÙŠØ±ØµØ¯ÙˆÙ† Ø§Ù„ÙŠØ§Øª Ø¹Ø³ÙƒØ±ÙŠØ© Ø¹Ù„ÙŠÙ‡Ø§ Ø±Ø§ÙŠØ§Øª ÙˆÙƒØªØ§Ø¨Ø§Øª ÙØ§Ø±Ø³ÙŠØ© Ù…ØªØ¬Ù‡Ø© Ø§Ù„Ù‰ #Ø§Ù„ÙÙ„ÙˆØ¬Ø©.
#Ù…Ù„ÙŠØ´ÙŠØ§Øª_Ø¥ÙŠØ±Ø§Ù†_ØªØªÙˆØ¹Ø¯_Ø§Ù„ÙÙ„ÙˆØ¬Ø© https://t.co/mvK28YFCFn",1
571097303844397056,"Ø¥ØµØ¯Ø§Ø±Ø§Øª #Ø§Ù„Ø¯ÙˆÙ„Ø©_Ø§Ù„Ø¥Ø³Ù„Ø§Ù…ÙŠØ© ÙŠØ­ØªÙˆÙŠ Ø¹Ù„Ù‰ Ø§Ù„ØªÙ‚Ø§Ø±ÙŠØ± Ø§Ù„Ù…ØµÙˆØ±Ø© ÙˆØ§Ù„Ù…Ø±Ø¦ÙŠØ© ÙˆØ§Ù„Ø¨ÙŠØ§Ù†Ø§Øª ÙˆÙŠØªÙ… ØªØ­Ø¯ÙŠØ« Ø§Ù„Ø¥ØµØ¯Ø§Ø±Ø§Øª ..

http://t.co/BFLXTKHfBb",1
710805100202205185,Cennet bir dÃ¼ÄŸme kadar yakÄ±n mÃ¼cahitlere https://t.co/iL2DIBKMUQ,1
555219813539127296,"RT @wahwp1400: @yaseen_fifa @terrorist0011 @YazidBinMuaoiah 
Ø£Ø¹Ø±Ø§Ø¶ Ø§Ù„Ù…Ø³Ù„Ù…Ø§Øª Ù…Ù† Ù…Ø®ÙŠÙ…Ø§Øª Ø§Ù„Ù„Ø§Ø¬Ø¦ÙŠÙ† ØªØ¨Ø§Ø¹ ÙÙŠ Ù„Ø¨Ù†Ø§Ù†
ÙˆÙŠØ³Ø£Ù„ÙˆÙ†Ù†Ø§ Ù„Ù…Ø§Ø°Ø§ Ø§Ù„Ø°Ø¨Ø­ http://t.co/Tw9yOOMvAV",1
555828384794955779,"RT @khuraasani313: #Assad lieut. Alaa Barody published pics of him self burning a 4 years #SyrianChild yeah I know, who cares right! http://t.co/Xyc4igoWvU",1
563223180467122176,@abuzubeyr911 Ameen and you too akhil habeeb,1
753349478686621696,"@alras_88 @Abou_djaafar Ø§Ù…Ø§ Ø§Ù† ØªØ§ØªÙŠ Ø¨Ø¯Ù„ÙŠÙ„ ÙˆØ§Ø¶Ø­ Ø§Ùˆ Ø³ÙŠØªÙ… Ø­Ø¸Ø±Ùƒ
Ø§Ù…Ø§Ù…Ùƒ 10 Ø¯Ù‚ https://t.co/72ZDpsHFkX",1
553616686151380992,RT @AFP: #BREAKING Armed robber takes two hostage at jewellery store in southern French city,1
554729473070096384,Ø¢Ø®Ø± Ù…Ø±Ø© Ù‚Ø±Ø£Øª Ø§Ù„Ù‚Ø±Ø¢Ù† ! Ù…ØªÙ‰ ÙƒØ§Ù†Øª ØŸ   http://t.co/8N66wh5yFH,1
561632058556964864,@saad_9141 @oamaz7 @AlOdailH @Ayman77Ahlawi77 Ù‡Ø§Ø°Ø§ Ø§Ù„ÙŠ Ù†Ø¨ÙŠÙƒÙ… ØªÙÙ‡Ù…ÙˆÙ†Ù‡,1
794852387349528576,@rakan130 @JAZAlR ÙŠØ¹Ù†ÙŠ ÙƒØ±Ø¨Ù„Ø§Ø¡ Ù…Ø¯ÙŠÙ†Ø© Ù…Ù† Ù…Ø¯Ù† Ø§Ù‡Ù„ Ø§Ù„Ø³Ù†Ø© ÙˆØ§Ù„Ø¬Ù…Ø§Ø¹Ø©ØŸ Ø·Ø¨ Ù„ÙŠØ´ ØªØ±ÙŠØ¯ Ù…Ù† Ø¯Ø§Ø¹Ø´ ØªÙØ¬Ø± ÙÙŠÙ‡Ø§ Ø§Ø°Ø§ Ù‡ÙŠÙƒ! ğŸ˜‚,1
720338001499398144,..may Allah look after you. ğŸ˜”,1
568786395055202305,@aboxatab86 assalaam alaikum bray barez atwani followm bkay inshaallah,1
712966713466351616,"They were just used as scapegoats, but alhamdulilah their ordeal is finally over.  https://t.co/FU0lB3YjjB",1
664946317827956738,RT @Kamrul_Islam123: ğŸ’­ğŸ’­ https://t.co/Ic5m4M5QvF,1
562883698966937600,How do people really forget that Rasululilah Sallallahu Alayhi Wasallam fought in 27 battles & only made Hajj once :/,1
562382143587115011,RT @alnusra_alfa: @16takarier ÙŠÙ†ÙÙ‚ÙˆÙ† Ø£Ù…ÙˆØ§Ù„Ù‡Ù… Ù„ÙŠØµØ¯ÙˆØ§ Ø¹Ù† Ø³Ø¨ÙŠÙ„ Ø§Ù„Ù„Ù‡ ÙØ³ÙŠÙ†ÙÙ‚ÙˆÙ†Ù‡Ø§ Ø«Ù… ØªÙƒÙˆÙ† Ø¹Ù„ÙŠÙ‡Ù… Ø­Ø³Ø±Ø©,1
561234394346958848,Please read what it says in the link. Wallah it's so deep ğŸ˜ donate for the sake of Allaah,1
565415718846726144,"RT @MOALIMUU: Alshabab attacked several military bases outside Barawe town including Ambresa, Maringubay villages.Maringubay chairman is killed.#Somalia",1
561677938488541184,RT @Ramiroo19: How sinful are the youth that speak kindly to their friends yet rudely to their beloved mothers.,1
666461310071140352,"RT @baqiya80: SHOUTOUT PLEASE SUPPORT
Abu Muhajir
@abu_muhajir7
Abu Muhajir
@abu_muhajir7 https://t.co/Uj4UE9BZ3j",1
571794198933983232,"RT @AliAlfarsiii: Only on the streets of khilafah

Nearly 2am this shop had all their items outside, while having no1 to look after it. http://t.co/djyMaKwmZQ",1
554713883840364544,It is plain to see those who do not rule & judge by the laws of Allah spread corruption & oppress the people !,1
665543296744222721,"@Magribiyyah in een woord ""verwerkelijkt"". Dus ""Dit fundament wordt enkel verwerkelijkt door het verlaten van het polytheÃ¯sme""",1
562053119798812673,"Ø§ØªÙ‡Ù…ØªÙˆÙ†Ø§ Ø¨Ø§Ù†Ø§ Ø§ØªØ¨Ø§Ø¹ Ø§Ù„Ø²ÙˆØ§Ø¨Ø±ÙŠ ÙˆØ¥Ù†Ø§ Ù†Ø¹ÙÙŠØ¯ Ø§Ù„ØªØ¬Ø±Ø¨Ø© Ø§Ù„Ø¬Ø²Ø§Ø¦Ø±ÙŠØ© ÙÙŠ Ø§Ù„Ø³Ø§Ø­Ø© Ø§Ù„Ø´Ø§Ù…ÙŠØ©
ÙˆØ¥Ø°Ø§ Ø¨Ù…ÙØªÙŠ Ø§Ù„Ø²ÙˆØ§Ø¨Ø±ÙŠ""Ø§Ø¨ÙŠ Ù‚ØªØ§Ø¯Ø©"" Ù‡ÙˆØ© Ù…ÙØªÙŠÙƒÙ…!",1
811377799881785353,@Akeebomb i will in a jiffy,1
712198239265677312,"RT @oobaida_aao: Ø¹Ø§Ø¬Ù„ | 

ÙˆÙƒØ§Ù„Ø© Ø§Ù„Ø£Ù†Ø¨Ø§Ø¡ Ø§Ù„Ø¨Ù„Ø¬ÙŠÙƒÙŠØ© : Ø§Ù†ÙØ¬Ø§Ø±Ø§Øª ÙÙŠ Ù…Ø­Ø·ØªÙŠ Ø´ÙˆÙ…Ø§Ù† ÙˆÙ…Ø§Ù„Ø¨ÙŠÙƒ Ù„Ù…ØªØ±Ùˆ Ø§Ù„Ø£Ù†ÙØ§Ù‚ ÙÙŠ #Ø¨Ø±ÙˆÙƒØ³Ù„",1
554335685445173248,Kufar & munafiq leaders come together over #CharlieHebdo to grieve nvm the Palestine massacre just so shows you no1 cares for Muslim blood!,1
554067796318232576,RT @Umm_Anaas: This is so beautiful http://t.co/9ZdhIk1dcr,1
665835522368151552,"RT @Jazrawi_Oooud: Islamic state 
Jordan
Huge funeral of colonel Anwar abu zayd who killed US dogs in Jordan
: https://t.co/dCIuuiTFs7 https://t.co/fcMtwO09IP",1
710792246250119169,"ğŸ“¢ğŸ“¢
â¬‡â¬‡

. https://t.co/kunCaMJsua",1
564115865507868672,"RT @SmwAlfekr: ØªØ¶ÙŠÙ‚ Ø¹Ù„ÙŠÙ†Ø§Ø¯Ù†ÙŠØ§Ù†Ø§Ø¨Ù‡Ù…ÙˆÙ…Ù‡Ø§ÙˆØ¢Ù„Ø§Ù…Ù‡Ø§ÙÙ†Ø°Ù‡Ø¨ Ù„ÙÙ„Ø§Ù† ÙˆØ¹Ù„Ø§Ù† Ø¹Ù„Ù‘Ù†Ø§Ù†Ø¬Ø¯ Ø¹Ù†Ø¯Ù‡ Ù…Ø§ÙŠØ®ÙÙ Ø£ÙˆØ¬Ø§Ø¹Ù†Ø§ÙˆÙ†ØºÙÙ„ Ø¹Ù†:
(Ø£Ù…Ù‘Ù† ÙŠØ¬ÙŠØ¨ Ø§Ù„Ù…Ø¶Ø·Ø± Ø¥Ø°Ø§Ø¯Ø¹Ø§Ù‡)
#Ø¨ÙˆØ­ http://t.co/eFe1updjzs",1
-5579706819308160697.M,"â€œAnd if anyone of the Mushrikun seeks your protection then grant him protection, so that he may hear the Word of Allah.",1
554355460061822976,RT @DawahAk1: #JeSuisMuslim http://t.co/3O7Rds1gzq,1
742238153428197376,"RT @Be_Like_Bilal: 50+ Muslims died today in Idlib
50+ Gays died today in USA

Dollar scholars like mufti menk only care about one group of people.",1
563364813427183616,@AbuIyaadSP interesting - considering that I have never been a member of Hizb ut Tahrir in my life.,1
553825962505543681,"RT @RudwawEnglish: CORRECTION: 
We erroneously reported a news that turned out to be genuine last week. 
This is not part of RUDAW editorial policy. 
Sorry.",1
561249150004518912,@TmKlash Ù„Ù‡ÙŠØ¨ Ø§Ù„Ø­Ø±Ø¨ ÙˆÙ„Ø§ Ù…Ù‚Ø§Ø±Ù†Ù‡ Ø§Ø­Ø¯Ø« Ù†Ù‚Ù„Ù‡ Ù†ÙˆØ¹ÙŠÙ‡ Ø­ØªÙ‰ Ø§ØµØ¨Ø­ Ø­Ø¯ÙŠØ« Ø§Ù„ØºØ±Ø¨ ÙˆØ§Ù„Ø´Ø±Ù‚ .. Ø¹Ù…Ù„ Ø¨Ø°Ù„ ÙÙŠÙ‡ Ø¬Ù‡Ø¯ Ø¹Ø¸ÙŠÙ… Ù…Ù† Ø§Ø¬Ù„Ù‡ !!,1
663120245847105536,RT @TawheedNetwrk: I remember those beautiful brothers in Belmarsh prison maintaining a constant smile even though their world was crumbling in front of them,1
569475638035406849,"The West has been plundering our wealth for centuries. Now 
is the time for payback.",1
665661149870977025,RT @UmmUmarah2: https://t.co/49N8BNYHwj,1
563565879456063488,Follow my beloved brother @striv5r,1
666207435837669376,"RT @abbasalbejawi: #Shia heretic tells the turh with out Taqiya that al-Baghdadi is doing the same thing Abu Bakr al-Siddiq did 

https://t.co/YTDn6eKHti",1
571742702561329153,RT @gharibakhadija: http://t.co/kkvqtkRYqh,1
556064397567614976,"BREAKING UPDATE: AFP photographer shot at Pakistan #CharlieHebdo protest, in serious condition. http://t.co/kPxzvmRQka",1
667028125411356672,@MaghrebiWTNSS @AbuIzzadeen2 bruv stop wid the b***h talk where the sdf il kill them right now. If your not here keep it shut.,1
665868057840062464,"RT @kayadamVF: STOP SPREADING THIS PIC, IM FED UP OF SEEING THIS FAKE PIC CLAIMING TO BE ONE OF OUR MARTYRED FROM THE #ParisAttacks https://t.co/5CrKozsgxf",1
606906185548066816,"The regime air force strikes west of Rif Dimashq and the Eastern Ghouta, while 10 fighters killed i... http://t.co/cZG7P1GfmN #Terrorism",0
562372873784795136,RT @AzalCrow: @cptabdulsatar @lawen9991 We support the Peshmerga all the way to victory!,0
719465847283179521,RT @kenanmalik: Would be interesting to check what percentage of British Muslims live in areas of more than 20% concentration. https://t.co/YX5V8MCLPx,0
712547964120670208,"BelgiÃ« is allemaal ons land,ook al raken ze ons in het hart,we zullen niet toegeven aan deze laffe barbaren,samen zijn wij de mensheid.",0
733194820081061888,"Syrian man on violence at Chios hotspot: ""When we asked the police 4 help, they disappearedâ€ https://t.co/Nid7y82nlA https://t.co/7gztFVjNdY",0
793120237965246468,"RT @PoliticsPeach: Obama readjusted Malaysia's Human Rights Violations 2 move thru #TPP, where are FEMINISTS? https://t.co/W4FYmtX7Loâ€¦ https://t.co/Npfb1uhJvi",0
719979557642702848,"@merlijn4 3500â‚¬ 
Check website voor details aub",0
789936098675916801,@iedfan Can you explain please?,0
732146180499615744,"@lisafleisher which definition of basic? Basic as in ""basic b's""? or basic as in simple?",0
561527209509146625,U.S. reports 27 more strikes against Islamic State http://t.co/VQwM5bBij7 #CPVTS,0
731383354088521728,Hezbollah says 'takfiri groups' behind commander's death in Syria: Al Manar TV https://t.co/WvpqoaSw1E #CPVTS,0
794411376429056001,"Ø§Ø®ØªØªØ§Ù… Ø§Ù„Ù†Ø³Ø®Ø© 11 Ù…Ù† Ù…Ø¹Ø±Ø¶ ""Ù…ÙŠÙ„ÙŠØ¨ÙˆÙ„"" Ø§Ù„Ø¯ÙˆÙ„ÙŠ Ù„Ø£Ù†Ø¸Ù…Ø© Ø§Ù„Ø£Ù…Ù† Ø§Ù„Ø¯Ø§Ø®Ù„ÙŠ ÙÙŠ #Ø§Ù„Ø¯ÙˆØ­Ø© Ø¨Ù…Ø´Ø§Ø±ÙƒØ© Ø£ÙƒØ«Ø± Ù…Ù† 230 Ø´Ø±ÙƒØ© Ù‚Ø¯Ù…Øª Ø­Ù„ÙˆÙ„Ø§ Ø£Ù…Ù†ÙŠØ©â€¦ https://t.co/F8xzyhhK2f",0
794099718523588608,"@EA_WorldView Well, some say they were civilians.",0
663939507159326720,"14 Facts and Secrets about #islam that Everyone must know..
Click on the Link Below to read more..
https://t.co/teOOwpZr4C",0
720257936300326912,RT @qaiserthethia: Shame on you Nawaz Sharif #BhaagNawazBhaag,0
561693779833651200,@BenDohertyCorro thought you might want to know-rumors of Peter Greste's release come from these tweets http://t.co/BML4kGfrJT,0
665336431749939201,"@kdidddddkdkdk1 If I could change what my gov't does I would, that I promise.",0
563394973643464705,@abuhani_2014 @MuwMedia Try to understand that all sincere scholars who are supporters of Jihad and Mujahideen stood against them.,0
562988318976385025,"RT @MKellerdal: @Loukas_RS @DilbaKurd I've said it before: if the #Kurds in #Kobane were Westerners, the Hollywood Movie would already be a blockbuster.",0
717396526566412289,"#ISIS assassinates Colonel Kitab Majid al-Hammadi, director of Quwayiyyah General Investigation Directorate, #Riyadh https://t.co/j4YQ6LyyaT",0
794960197080981505,RT @CurldPhilosophr: De racist/seksist die zichzelf geen racist/seksist vindt; Ã©Ã©n grote desillusie. https://t.co/f5m9RyEAZu,0
733740342789459968,"ÙˆÙÙ…ÙØ§ Ù„ÙÙ†ÙØ§ Ù„ÙØ§ Ù†ÙØ¤Ù’Ù…ÙÙ†Ù Ø¨ÙØ§Ù„Ù„ÙÙ‘Ù‡Ù ÙˆÙÙ…ÙØ§ Ø¬ÙØ§Ø¡ÙÙ†ÙØ§ Ù…ÙÙ†Ù Ø§Ù„Ù’Ø­ÙÙ‚ÙÙ‘ ÙˆÙÙ†ÙØ·Ù’Ù…ÙØ¹Ù Ø£ÙÙ† ÙŠÙØ¯Ù’Ø®ÙÙ„ÙÙ†ÙØ§ Ø±ÙØ¨ÙÙ‘Ù†ÙØ§ Ù…ÙØ¹Ù Ø§Ù„Ù’Ù‚ÙÙˆÙ’Ù…Ù Ø§Ù„ØµÙÙ‘Ø§Ù„ÙØ­ÙÙŠÙ†Ù
#Quran 5:84",0
794106491695468544,@Malcolmite Dutch troll. Trolling is online most favourite activity in my country.,0
792415946430418944,BREAKING: 2 VBIED attacks near al-Shura Destroyed 9 Army Vehicles near the Town. #Mosul,0
793430600141115393,@maxjrosenthal don't you mean NEEIIIIINNNNNNNN,0
718776158360367105,"RT @Talalzalnaqi: ÙˆÙ†Ù„Ø§Ø­Ø¸ ÙƒØ°Ù„Ùƒ Ø§Ù†Ù‡ Ø¥Ù†ØªÙ‚Ø¯ Ø¨ÙƒÙ„ Ø£Ø¯Ø¨ ÙˆÙ…Ù† ØºÙŠØ± Ù…Ø§ÙŠØ±ÙØ¹ ØµÙˆØªÙ‡ â˜º
Ø¹Ù…Ø±Ù‡ 10Ø³Ù†ÙˆØ§Øª Ø£Ø³Ù‡Ù„ Ø´ÙŠ Ø¹Ù†Ø¯Ù‡ Ø§Ù†Ù‡ ÙŠØ±ÙØ¹ ØµÙˆØªÙ‡ ÙˆÙŠÙ‚Ù„ Ø£Ø¯Ø¨Ù‡...
#Ø§Ù„ÙØ±Ù‚_Ø´Ø§Ø³Ø¹ https://t.co/vpsWKcWGer",0
664118225760878592,@YoungRegista lol you gettin old man i got years on you fam,0
718679324732362752,"ÙˆØ²ÙŠØ± Ø§Ù„Ø§Ø³ÙƒØ§Ù†

Ø§Ø³ØªÙ‚Ø§Ù„ ÙˆÙ„Ø§ Ø¨Ø¹Ø¯ØŸ",0
712659547085750273,Seattle Man Refuses To Come Down From 80ft Tree https://t.co/ryx76RfMtV,0
795027245551198209,"@MMASOCCERFAN He appointed 3 justices out of  the 9, HRC picks an anti choice running mate and you trust her w/ SCOTUS?",0
718665074802626561,RT @GerrySimpsonHRW: UNICEF worried deportation-obsessed Greece may breach rights of detained asylum seeker kids https://t.co/5rSP25wMQL https://t.co/elbp0zLCaT,0
794500721643323396,Ù…ØµØ¯Ø± Ø£Ù…Ù†ÙŠ Ù…ØµØ±ÙŠ: Ø¬Ø±Ø­Ù‰ ÙÙŠ Ø§Ù†ÙØ¬Ø§Ø± Ø³ÙŠØ§Ø±Ø© Ù…ÙØ®Ø®Ø© Ø´Ø±Ù‚ÙŠ Ø§Ù„Ù‚Ø§Ù‡Ø±Ø©  https://t.co/b09VZqnYIm,0
719096521946439680,"RT @mohamedelratian: Ø¨Ø¹Ø¶ Ø§Ù„Ø£Ø´ÙŠØ§Ø¡.. Ø§Ù‚ØªØ±Ø§Ø¨Ùƒ Ù…Ù†Ù‡Ø§ ÙŠØ¬Ø¹Ù„Ùƒ ØªØ±Ø§Ù‡Ø§ Ø¨ÙˆØ¶ÙˆØ­.
ÙˆØ¨Ø¹Ø¶ Ø§Ù„Ø£Ø´ÙŠØ§Ø¡.. Ø§Ø¨ØªØ¹Ø¯ Ø¹Ù†Ù‡Ø§ Ù„ÙƒÙŠ ØªØ±Ø§Ù‡Ø§ Ø¨Ø´ÙƒÙ„ Ø£ÙˆØ¶Ø­",0
561274273046601728,"ÙŠØ§Ø±Ø¨ Ù†ØµØ±Ùƒ. 

#Ù†ÙŠÙ†ÙˆÙ‰",0
711938306251087872,Is this the solution to the #FlintWaterCrisis? Here's the Governor of Michigan's plan https://t.co/jJ3aTHgjbC https://t.co/I8E0dHToDU,0
666034556600995840,"""Pour Allah on veut mourir.""
#Isis video release by a media member;
Assembly of the #ParisAttacks & more threats. https://t.co/GIpmLM6Ez3",0
720043147057893376,Ø§Ø±ÙØ¹Ù„Ùƒ Ø§Ù„Ù‚Ø¨Ø¹Ù‡ Ø¹Ù„Ù‰ Ù‡Ø°Ø§ Ø§Ù„Ø§Ø®ØªÙŠØ§Ø± https://t.co/Fi5okQTgjp,0
663068871650369539,"RT @AnonCopWatchTur: Civil Defense wearing #Anonymous mask, ready 2 protect baby's from fascist #cops bullets in Kurdish #Silvan #Turkey https://t.co/4pTysaJwTU",0
563366456511823873,U.N. plan for local ceasefires in Syria 'frozen': diplomats http://t.co/sWQMeyT6zw #CPVTS,0
733733761272184833,Ø§Ù„Ø¹Ø¨Ø§Ø¯ÙŠ ÙŠØ²ÙˆØ± Ø§Ù„Ø¹Ù…Ù„ÙŠØ§Øª Ø§Ù„Ù…Ø´ØªØ±ÙƒØ© Ø¨Ø¹Ø¯ Ø§Ù‚ØªØ­Ø§Ù… Ø§Ù„Ù…Ù†Ø·Ù‚Ø© Ø§Ù„Ø®Ø¶Ø±Ø§Ø¡ https://t.co/LnuEjyCnaU via @rudaw_arabic,0
711812783193636864,"RT @jasminechic1: #PARIS ATTACKS: ARREST OF SALAH ABDESLAM DOES NOT REDUCE #IS THREAT #Belgium
https://t.co/wwyXio7ZCC https://t.co/vvH4H1dgeG",0
562970136874082304,Who is the judge in charge of Ibrahim Halawa's case (493 defendants from Fateh mosque siege) #Egypt,0
710778940437168129,https://t.co/4ZNAhuL27k,0
562216974776676352,"Ø°ÙØ¨ÙˆÙ‡Ø§ Ø§Ù„Ø¹ÙÚ¯ÙÙ„ Ø®Ù„ÙˆÙ‡Ø§ Ù„Ù„Ù†Ø³ÙˆØ§Ù† 

#.",0
719752986315091968,Dode bij aanslag op legerbasis Turkije https://t.co/OPyOmR0u0j,0
562988344196734976,"Peshmerga ministry: Around 3.000 ISIS Terrorists have been killed by Kurdish Peshmerga Soldiers
> http://t.co/yZBKDpBAEX",0
717714675186679809,RT @ReutersWorld: Amnesty International says global executions hit 25-year high. Watch full video: https://t.co/QsyLd9aYKz https://t.co/HyN8aRvKxw,0
561901452717608960,.2/ #JAN claims attack says #Saudi suicide bomber Abu Izz al-Ansari did it. Al Manar TV says it was explosive device. http://t.co/gqhdT59KMk,0
718395927883595776,https://t.co/0gKHqGHn8q,0
561073645355671552,The Week in Pictures http://t.co/Yi46Ppz4Ty #CPVTS,0
560633792520785920,RT @Stonewall_77: #ISIS Closing on Israel From North and South. Pls Retweet #2A #Veterans #Israel #tcot #tgdn # http://t.co/AUrJBBHB7mâ€¦ http://t.co/6WuYO8RddQ,0
732224390327336960,"#Chile's Radical Students Clash with Riot Police

https://t.co/qonNlRpTAn https://t.co/euwFT5pJiN",0
718966905881497600,RT @DRovera: #CalaisJungle desperate #children #refugees wait to be reunited with their families https://t.co/tGS8wrUiNs #Syria https://t.co/hQu4BqnFV6,0
712367438977847296,https://t.co/UGmuZBfIG7,0
665208384514314240,"RT @DuncanGardham: Rashid, who had learning difficulties at school, was groomed by a group from a local mosque & persuaded to use his Â£1,600 loan to fund trip",0
732657891551903744,"Ù‚Ø±Ø§ØµÙ†Ø© ÙŠØ®ØªØ±Ù‚ÙˆÙ† ""Ù…ÙˆÙ‚Ø¹Ø§ Ù…ØªØ®ØµØµØ§ ÙÙŠ Ø§Ù„Ù‚Ø±ØµÙ†Ø©"" https://t.co/0IZChfUNo9",0
718385475141177345,"#ISIS: Destroying Car of Nusayri Army+Killing Those Inside with Guided Missile Near #Palmyra
Wilayat #Hims, #Syria https://t.co/ofvldaLgCQ",0
733179908898324480,RT @HughAWilliamson: Bad news from #Kazakhstan; people jailed for planning land reform protests. Lots of bad press 4 #Astana on this @HRW https://t.co/hH25KQNBfD,0
733025075985842178,"RT @nawaryn_: ""Ù†Ø­Ù† ÙÙŠ Ø³Ø¨Ø§Ù‚ Ù…Ø¹ Ø§Ù„Ø²Ù…Ù†
                Ø¥Ù…Ø§ Ø£Ù† Ù†Ù‚ØªÙ„ Ø§Ù„ØªØ®Ù„Ù...
                           ÙˆØ¥Ù…Ø§ Ø£Ù† ÙŠÙ‚ØªÙ„Ù†Ø§ Ø§Ù„ØªØ§Ø±ÙŠØ®""
#ØºØ§Ø²ÙŠ_Ø§Ù„Ù‚ØµÙŠØ¨ÙŠ",0
734389346158120960,Wie gaat er zeker Anderlecht verlaten is dat al officieel bekend gemaakt ? #dtv  #andzwa,0
562671791781732353,RT @esamym: .@HalaJaber @SkyNewsArabia_B Ù…ØµØ§Ø¯Ø± Ø£Ø±Ø¯Ù†ÙŠØ© Ù„Ø³ÙƒØ§ÙŠ Ù†ÙŠÙˆØ² Ø¹Ø±Ø¨ÙŠØ© : Ø¥Ø¹Ø¯Ø§Ù… Ø³Ø§Ø¬Ø¯Ø© Ø§Ù„Ø±ÙŠØ´Ø§ÙˆÙŠ ÙˆØ²ÙŠØ§Ø¯ Ø§Ù„ÙƒØ±Ø¨ÙˆÙ„ÙŠ Ùˆ4 Ù…Ø¯Ø§Ù†ÙŠÙ† Ø¢Ø®Ø±ÙŠÙ† ÙÙŠ Ø¬Ø±Ø§Ø¦Ù… Ø¥Ø±Ù‡Ø§Ø¨ÙŠØ© Ø®Ù„Ø§Ù„ Ø³Ø§Ø¹Ø§Øª,0
711452911751004160,TV cameras are set to be allowed in Crown Courts for the first time under a new scheme https://t.co/DrX3Jmcn7Z https://t.co/15kUqovjog,0
711461814530347008,"Pensions Minister hits out at Iain Duncan Smith, questioning his motives for quitting https://t.co/VKvPvQW8eb https://t.co/cITIES6UHc",0
712200270189563904,Images have emerged of the explosion at #Maalbeek metro station in #Brussels https://t.co/VpfuULhiMH,0
562022406798061568,"Ù†Ø¯Ø¹ÙˆØ§ ï·² Ø£Ø´ÙŠØ§Ø¡ ÙƒØ«ÙŠØ±Ø©ØŒ Ø£Ø´ÙŠØ§Ø¡ Ù†Ø¸Ù† Ø£Ù†Ù‘ Ø³Ø¹Ø§Ø¯ØªÙ†Ø§ ØªÙ‚Ù Ø¹Ù†Ø¯Ù‡Ø§.. Ù„Ø£Ù†Ù†Ø§ Ù†Ø±Ù‰ Ø¸Ø§Ù‡Ø±Ù‡Ø§ØŒ ÙˆÙŠØ­Ø±Ù…Ù†Ø§ Ù…Ù†Ù‡Ø§.. Ù„Ø£Ù†Ù‘Ù‡ ÙŠØ±Ù‰ Ø¨Ø§Ø·Ù†Ù‡Ø§!
ÙˆÙ„Ø§ ÙŠÙƒØªØ¨ Ù„Ù†Ø§ Ø¥Ù„Ø§ Ù…Ø§ ÙŠØ±Ø§Ù‡ Ø®ÙŠØ±ÙŒ Ù„Ù†Ø§ğŸ’š",0
733440300966944768,@LunaPrey @Raymosaki Luna Prey you are not welcome in my page and insulted my Brave Hero stupid of you,0
710503472219578372,European cities join hands to stay afloat in migrant crisis https://t.co/8SjPp872b7 #CPVTS,0
711627410157015042,Truell In Bid Approach For Invoicer Tungsten https://t.co/kevkiStm9M,0
718805307737186308,Kidnapped Ex-Italian Missionary Freed in #Philippines https://t.co/idqPyV8dgw https://t.co/ej0gFfZcJA,0
605802460418969601,@Mqren20 ØªØ¬Ù‡Ø² Ù„Ù„Ø¬Ø§ÙŠ ï·² ÙŠØ¬ÙŠØ±Ù†Ø§ ÙˆØ§Ø­Ø¨ØªÙ†Ø§ Ù…Ù† Ø­Ø±Ù‡Ø§ Ø¯Ù†ÙŠØ§ Ùˆ Ø§Ø®Ø±Ù‡ Ù‚Ù„ Ø§Ù…ÙŠÙ†,0
571013099412529153,@Hictar1 Ù‡Ùˆ Ø¯Ù‡ Ø§Ù„Ù„ÙŠ Ø¨Ø§Ø®Ø¯ Ù…Ù†Ùˆ,0
794629726136651776,@BeyondTheLevant *thus not this,0
794446268399554564,RT @AishaAfridiPTI: #PATattacksIKtoSaveNawaz  PAT workers are the best workers in the world but their leadership? https://t.co/QaBDIUmdZP,0
793794449822380032,RT @ahlalshami: 6 regime SAA soldiers defected from New Aleppo to Ahrar Al-Sham at morning.,0
665877311594582016,"RT @BrigadierPoez: Medeleven tonen met Franse vlag op Fb en dan dit soort shit schrijven. Really? Dont pray for Paris, pray for brains. https://t.co/kYSnyXegTU",0
561900677644169218,RT @DaliaHatuqa: Sigh of relief now that Peter Greste is out. But let's not forget about Fahmy and Baher. #FreeAJStaff,0
731824020174278656,"#IslamicState group recruiter detained in #Russiaâ€™s #Ingushetia

https://t.co/UX8Txraym5 https://t.co/ZjvhtyNzoS",0
712330893826899969,33. Also Belgian police have confirmed the 3 men below are suspects and are asking public's help to ID man with hat https://t.co/eVvfKpVLon,0
719889416488153088,"Drie nieuwe verdachten aanslagen #Parijs opgepakt in #Ukkel  

https://t.co/xcJYcgze8l",0
793829897340792832,There is no better support than good counsel ~ Imam Ali (as),0
606157403495796736,"Amazing after years of hard hard work, @Cimatheque is finished & launching today in downtown http://t.co/NbBmE1doX2 http://t.co/YOw4z9iauA",0
571249708238315520,"the agony of grief, and if it were not for this, the world would never again thrive ~ Imam Sadiq (as) 2/2",0
730409399081009153,"#Lebanon's citizenship laws mean nearly 80,000 people estimated to be stateless in the countryâ€”not counting refugees https://t.co/FTcvW5bctK",0
733946382826999808,Ù…Ø¬Ù…ÙˆØ¹Ø© Ø§Ù„Ø³Ø¨Ø¹ ØªØªÙÙ‚ Ø¹Ù„Ù‰ Ø¯Ø¹Ù… Ù…ÙƒØ§ÙØ­Ø© ØªÙ…ÙˆÙŠÙ„ Ø§Ù„Ø¥Ø±Ù‡Ø§Ø¨ Ø§Ù„Ø¯ÙˆÙ„ÙŠ https://t.co/t2G0FAomFr,0
665656731452776449,@ExMiliMed1 I just reminded myself tt #Isis & other fanatics also have same views about those who don't conform 2them.. Both sides are ugly.,0
720334151551946752,Barca gaat nog scoren 1-2 #AtletiBarca #ATMFCB #ATMBAR #atlbar,0
571033092531613696,@CanelaNisa @RobotNickk Some originals moved for safety to  #Baghdad museum...,0
560894746915123200,ï·² ÙŠØ¬Ø¹Ù„Ù‡Ø§ ÙØ§ØªØ­Ø© Ø®ÙŠØ± Ø¹Ù„Ù‰ Ø§Ù„ÙˆØ·Ù† ÙˆØ§Ù„Ø´Ø¹Ø¨ ğŸ˜Šâ¤ï¸,0
562728953572765698,"RT @ColeBockenfeld: ""While Western Journalists Finally Walk Free, Egyptians Are Left to Rot"" by @Beltrew http://t.co/k8Hx1v1BTI via @thedailybeast",0
720266893236576256,RT @DanieleRaineri: The network of the Islamic State in Europe is quietly sitting since months in an electronic archive stored somewhere https://t.co/qdSLAoHgfS,0
562570646778286080,"RT @davidbyers26: Clearly, UKIP's @DouglasCarswell has a fantastic range of interests. http://t.co/UpVaBzlNqs",0
733274470706753537,RT @KyleWOrton: Very detailed (and entertaining!) speech on the Belgian Jihadi-Salafist scene by @p_vanostaeyen at @NATO_SPS.,0
734418044097822720,"@kruimel9 soms vraag ik me af hebben we echt niets geleerd,gaan we zo met elkaar om,is liefde opeens slecht.liefde voor je medemens.",0
794529156822429697,"Turkish Army Discovered a 400m long #PKK Terrortunnel from Northern #Syria, #Qamishlo to #Turkey. https://t.co/bHteG4eHIm",0
665629665634054144,"The Islamic State claims the Paris attacks â€“ November, 13,Â 2015 https://t.co/C7AeyKmOyK https://t.co/lr7hv0U5Yb",0
733623516038344708,Luchtverkeersleiders onderbemand: 'Vanavond vertragingen van ruim een uur verwacht' (weeral?) https://t.co/9beRum9Cm7,0
607597931395432448,@SarahNazH 78,0
734074823953940481,Syria army commander 'poses next to dead bodies' https://t.co/bdmoL175df #CPVTS https://t.co/fYabHYaGsr,0
710560697051119616,"Ø§Ø³Ø¹Ø§Ø± Ø§Ù„Ù†ÙØ· ØªØªØ¬Ø§ÙˆØ² 41 Ø¯ÙˆÙ„Ø§Ø±Ø§ Ø¨Ø¯Ø¹Ù… Ù…Ù† Ø§Ø¬ØªÙ…Ø§Ø¹ Ø§Ù„Ù…Ù†ØªØ¬ÙŠÙ† ÙˆÙ‡Ø¨ÙˆØ· Ø§Ù„Ø¯ÙˆÙ„Ø§Ø±
https://t.co/l3nUX7GG5k https://t.co/UNsmHa9AzI",0
711812479811231745,RT @jasminechic1: #IS photo report claims to show fighting againts Tripoli Government fighters at #Derna https://t.co/sxSGR5B4hv,0
734492035139395584,"RT @AlraiMediaGroup: Ø¶Ø§Ø¨Ø· Ø§Ù„Ù…Ø¨Ø§Ø­Ø« Ø§Ù„Ù…Ø±ØªØ´ÙŠ...  Ø¨Ù…ÙˆØ§Ø¬Ù‡Ø© Ø§Ù„Ø¶Ø§Ø¨Ø· Ø§Ø¹ØªØ±Ù Ø¨Ø¬Ø±Ù…Ù‡ Ù…Ø¯Ø¹ÙŠØ§Ù‹ Ø£Ù† Ù…Ø§ Ø£Ø®Ø°Ù‡ Ù…Ù† Ø±Ø¬Ù„ Ø§Ù„Ø£Ø¹Ù…Ø§Ù„ Â«Ù‚Ø±Ø¶ Ø­Ø³Ù†Â»
https://t.co/nFqZQzNf37",0
563363232589438976,"@abuhani_2014 @MuwMedia Extremist #Khawarij were happy, Moderate #Khawarij hold another opinion. Still all of them #Khawarij.",0
565020277646430208,"#Daesh will definitely call him a Murtad for saying all these, but Alhus sunnah will not make takfeer of him unless something is apparent /9",0
733241781249265664,RT @OzKaterji: Dying GOP Senator Apologizes to Muslims for Donald Trump https://t.co/vMWBImcrbI via @thedailybeast,0
732984888941514752,RT @melissarfleming: Fascinating study: Refugees will repay EU spending almost twice in 5 years - @TentFoundation https://t.co/cneGzSnxLd https://t.co/dF3mBt3TYG,0
665300501068673028,"Obliviously, that could be wrong. Let's be clear, I have no special insight but definitely trust my guy who told me this. #PT",0
710182093196754945,RT @omgAdamSaleh: Some people keep their feelings to themselves because they believe its hard for others to understand their pain,0
570935956959854592,@KurdishPhoto1 V. @salar_dd,0
570544291472240640,"7:34|
{And for every nation is a [specified]term.So when their time has come,they will not remain behind an hour,nor will they precede [it]}",0
664868896797798404,RT @RudawEnglish: #IS has left 100 corpses & tens of their military vehicles in #Sinjar operations today. 75% of the assault was successful. #FreeSinjar,0
562525172465664001,I'll take this moment to emphasise retweets do not equal endorsements #PT,0
793643817966665728,"#Ù…Ø§_ÙˆØ±Ø§Ø¡_Ø§Ù„Ø®Ø¨Ø± | Ù…Ø§ Ø®ÙŠØ§Ø±Ø§Øª Ø§Ù„Ø­ÙƒÙˆÙ…Ø© Ø§Ù„ÙŠÙ…Ù†ÙŠØ© ÙˆØ§Ù„ØªØ­Ø§Ù„Ù Ø¥Ø²Ø§Ø¡ Ø§Ù„Ø®Ø·Ø© Ø§Ù„Ø£Ù…Ù…ÙŠØ©ØŸ
Ø§Ù„Ø­Ù„Ù‚Ø© ÙƒØ§Ù…Ù„Ø©: https://t.co/VLLQKbmkKC https://t.co/hjpkL1YYvG",0
719568275319955456,"@TomTheRed64 @WomenSayNo2UKIP @Pannie321 no, not if all there are consenting. It's rude to smoke if you aren't welcome to. Shldnt b illegal",0
709776715380236288,Syria: The Reckoning https://t.co/4HxUmdxpHi #CPVTS https://t.co/FVcX3IWmM5,0
719771066369847296,Afghan Taliban announce spring offensive https://t.co/hcN0KWpnrC #CPVTS,0
795183970124255232,#Ø£Ø®Ø¨Ø§Ø±_Ù…ØµØ± #egynews ØªÙ‡Ø¬ÙŠØ± 3582 Ø£Ø³Ø±Ø© ÙŠÙ…Ù†ÙŠØ© ÙÙŠ ØªØ¹Ø² ÙˆÙ…Ù‚ØªÙ„ 4 Ù…Ø¯Ù†ÙŠÙŠÙ† ÙÙŠ Ù‚ØµÙ Ø§Ù„Ø­ÙˆØ«ÙŠÙŠÙ† Ù„Ù„Ù…Ù†Ø§Ø·Ù‚ Ø§Ù„Ø³ÙƒÙ†ÙŠØ©â€¦ https://t.co/5YvmlOzHOt,0
718447379737874432,'Mohammed Abrini is opgepakt'  https://t.co/RcFcRaAXXj,0
719412990508994560,"I lost my heart 
when I lost my hope. 
I lost my hope
when I lost you.",0
733203188841631744,RT @AJABreaking: Ø¹Ø§Ø¬Ù„ | Ø±ÙˆÙŠØªØ±Ø²: #Ø§Ù„Ø·Ø§Ø¦Ø±Ø©_Ø§Ù„Ù…ØµØ±ÙŠØ©_Ø§Ù„Ù…ÙÙ‚ÙˆØ¯Ø© ØªØ­Ø·Ù…Øª Ù‚Ø¨Ø§Ù„Ø© Ø¬Ø²ÙŠØ±Ø© ÙƒØ§Ø±Ø¨Ø§Ø«ÙˆØ³ Ø§Ù„ÙŠÙˆÙ†Ø§Ù†ÙŠØ©,0
666207248599924736,RT @MTVEnglishNews: NBC: Belgium's Ministry of Interior confirms raids in Molenbeek area of Brussels are ongoing,0
570944705791438848,"RT @Eagertobefree: ØªÙ… Ù„Ù„ØªÙˆ ØªØ¬Ø¯ÙŠØ¯ Ø­Ø¨Ø³ Ø²ÙˆØ¬ÙŠ #Ø­Ø³ÙŠÙ†_Ø¨Ø±ÙˆÙŠØ² 15 ÙŠÙˆÙ… Ø¹Ù„Ù‰ Ø°Ù…Ø© Ø§Ù„ØªØ­Ù‚ÙŠÙ‚ Ù…Ù† Ù‚Ø¨Ù„ Ù‚Ø§Ø¶ÙŠ Ø§Ù„ØªØ¬Ø¯ÙŠØ¯
#Ø§Ù„Ø¨Ø­Ø±ÙŠÙ†",0
561246715462680577,START News: Terroist attacks on educational institutions; AQAM financial and material support schem... http://t.co/TVBvoGH3uo #Terrorism,0
712563055738007553,OMG!!! ğŸ˜‚ #PAKISTANISLAYS  https://t.co/rcJvCXpgxS,0
665294598982541312,Ongeveer 60 gijzelaars in een concertzaal in de wijk Le bataclan #Parijs,0
733370676011237378,"Ø§Ù„Ø£ØºÙ„Ø¨ÙŠØ© Ø­ÙˆÙ„ Ø§Ù„Ø¹Ø§Ù„Ù… ""ÙŠØ±Ø­Ø¨ÙˆÙ† Ø¨Ø§Ù„Ù„Ø§Ø¬Ø¦ÙŠÙ† ÙÙŠ Ø¨Ù„Ø§Ø¯Ù‡Ù… ÙˆÙ…Ù†Ø§Ø²Ù„Ù‡Ù…"" https://t.co/BtQ29CmEk8",0
607329321901035521,Al Qaeda (JAN) beheads Daeshbags North of Aleppo https://t.co/Wv9Uon2TJv dawla dawlah khilafah baqiyah islamdevleti http://t.co/9ZgGy473cH,0
718334318192566272,"""Remember me and I will remember you!""
Quran 2:152",0
733187242030682112,RT @Naboumerhi: Ø¥Ø°Ø§ ØªØ£ÙƒØ¯ ØªØ­Ø·Ù… #Ø§Ù„Ø·Ø§Ø¦Ø±Ø©_Ø§Ù„Ù…ØµØ±ÙŠØ©ØŒ ÙÙƒÙŠÙ ÙˆÙ„Ù…Ø§Ø°Ø§ØŸ,0
664121015505555456,"@michaeldweiss Washington allowed Mi6 to do it. Makes perfect sense, really. Ask yourself who *really* benefits from this...",0
719906152868364288,"@MartijnTonies @Hayatezzeroili discussie is goed,en ieder mens is interessant ğŸ˜„",0
731617301942960128,"Eurovision is a microcosm of #EU. Denying reality, politically correct and the voting process is arbitrary.",0
794601477276889088,"RT @SlimmySlim94: NEW VLOGGITY VLOG!!!
This VLOG is fun!! Reunited with the cali boys!! Cracked some good jokes RT 
https://t.co/DHvdfRPGcq",0
712023187597467648,"Ø§Ù„Ø¨Ù†ØªØ§ØºÙˆÙ†: Ø§Ù„ØªØ­Ø§Ù„Ù Ø¯Ù…Ø± Ù…Ø®Ø§Ø²Ù† Ø£Ø³Ù„Ø­Ø© ÙƒÙŠÙ…Ø§ÙˆÙŠØ© ØªØ§Ø¨Ø¹Ø© Ù„Ø¯Ø§Ø¹Ø´ ÙÙŠ Ø§Ù„Ø¹Ø±Ø§Ù‚
https://t.co/dMjxAaJN3l https://t.co/1HXl6KhBKx",0
711529100482060289,https://t.co/SkFPU5YuAK,0
665554413205999616,@MidIsaac im learning about what teaching or group they follow because its definitely not from the Prophet or the Quran,0
561130274226851840,Dozens of soldiers in regime forces killed and wounded in Violent clashes around Ariha: Idlib provi... http://t.co/MeSv7b9xED #Terrorism,0
712232415633268736,"Extremely sorry for #Brussels and the families, but please stop with useless prayer, religion & imperialism got us here; enter the hawks.",0
718332804610789376,"""Remember me and I will remember you!""
#Quran 2:152

""They forgot Allah so He forgot them""
#Quran 9:67",0
712216019390099456,"Bus, tram & metro services in Brussels shut down after #BrusselsAttack https://t.co/dEWHFsYSjz https://t.co/BleunrKx2u",0
720681221337059329,"Tommy Robinson Walks Free From Court, Judge Slams Police Persecution https://t.co/EaZ6ZjITsY via @BreitbartNews Tommy Robinson is a hero",0
717682964197408768,RT @muslamist: When you need to stir hatred so you use lame ass puns and photoshop stock images to make it look like more real... https://t.co/a6JgQhb9SO,0
712694995229229057,Imams in Nederland en BelgiÃ« doe oproepen voor verdraagzaamheid.Dank jullie voor jullie bijdrage #hartverwarmend   https://t.co/aArGxRTCp3,0
794112954010599424,#Ø§Ø®Ø¨Ø§Ø±_Ù…ØµØ±egynews#  Ø§Ù„ØªÙ†Ø¸ÙŠÙ… ÙˆØ§Ù„Ø¥Ø¯Ø§Ø±Ø© ÙŠØªÙ„Ù‚Ù‰ Ø§Ù‚ØªØ±Ø§Ø­Ø§Øª Ø§Ù„Ù…ÙˆØ§Ø·Ù†ÙŠÙ† Ø¹Ù„Ù‰ Ù„Ø§Ø¦Ø­Ø© Ø§Ù„Ø®Ø¯Ù…Ø© Ø§Ù„Ù…Ø¯Ù†ÙŠØ© Ø¥Ù„ÙŠÙƒØªØ±ÙˆÙ†ÙŠØ§â€¦ https://t.co/qECSJ3IFVd,0
565249650631118851,"RT @oklacomanche: House Republican wants to skirt Baghdad, arm the Kurds

http://t.co/ceocK07aXT
#TwitterKurds",0
665285608613498880,De #rodeduivels spelen een goede match en de nieuwe inbreng hebben meer dan hun best gedaan #BELITA #belita,0
733460612290744322,We hide behind a fake smile to mask the pain but sometimes we wish someone would look closely enough and see how broken we really are inside,0
731247108326608896,RT @nytimes: How to spend 36 hours in Amsterdam https://t.co/geVQ6AnKkM https://t.co/8YNkeosIU8,0
720642465640902656,"1 decade ago in Senegal, I was lucky enough to meet the rare talent that is @lpolgreen. So proud to see her promoted to NYT masthead today",0
719823782995582976,Two Russian military pilots killed in Syria helicopter crash https://t.co/7zl4g1UGLp,0
794365151826755584,Government acknowledges Abdi Nur's death in Syria in one court filing today. Nur one of two men charged in absentiaâ€¦ https://t.co/o7st0cN1vG,0
565422893119844352,Ù‚Ø¨Ù„ Ø£Ù† Ø£Ø³Ø§ÙØ± Ù„Ù„Ø®Ø§Ø±Ø¬ ÙƒÙ†Øª Ø£Ø¹ØªÙ‚Ø¯ Ø£Ù† Ø§Ù„Ø¥Ø¶Ø·Ù‡Ø§Ø¯ ÙˆØ§Ù„ØªÙ…ÙŠÙŠØ² ÙˆØ§Ù„Ø¹Ù†Ù Ø£Ø­ÙŠØ§Ù†Ø§Ù‹ Ø¶Ø¯ Ø§Ù„Ù…Ø³Ù„Ù…ÙŠÙ† ÙˆØ§Ù„Ø¹Ø±Ø¨ ØµÙ†Ø§Ø¹Ø© Ù‚ÙˆÙ…Ø¬ÙŠØ© Ø¥Ø³Ù„Ø§Ù…Ø¬ÙŠØ©. Ù…Ø¹ Ø§Ù„Ø£Ø³Ù Ù‡Ùˆ ÙˆØ§Ù‚Ø¹ ÙˆØ¥Ø¹Ù„Ø§Ù…Ù‡Ù… Ù…ØªÙˆØ§Ø·Ø¦,0
562947219645825024,"Ø§Ù„ØµÙˆØ± Ù‚Ø¯ÙŠÙ…Ø© 

ÙˆØ§Ù†ØµØ­Ùƒ @2012_jnOooOn ØªØªÙØ±Ø¬ÙŠÙ† Ø¹Ù„Ù‰ Ø§ØµØ¯Ø§Ø± #ØºØ²ÙˆØ©_Ø§Ù„ÙƒØ±Ø§Ø± 

ÙˆØ´ÙˆÙÙŠ Ø§Ù„Ø¨ÙŠØ´Ù…Ø±ÙƒØ© Ù…Ø§Ø­ØµÙ„ Ù„Ù‡Ù… :) ÙˆÙ‡Ø°Ù‡ ØªØ§Ø²Ø© Ø­Ø¯ÙŠØ«Ø©",0
710133929181913088,"Ø¥Ù†ÙØ¬Ø§Ø± ÙÙŠ Ø§Ù„Ø¹Ø§ØµÙ…Ø© Ø§Ù„Ø¥ÙŠØ±Ø§Ù†ÙŠØ© Ø·Ù‡Ø±Ø§Ù†
https://t.co/UKjEspDlBS https://t.co/6xDbGwWSVT",0
712727603736612864,"RT @noorkust: If the world is against Afridi @SAfridiOfficial ,I am against the world. We love u man https://t.co/1JAseGqlJ9",0
719971960726372353,"Ù…Ø®ØªØµ: ØªÙ†Ø¸ÙŠÙ Ø§Ù„Ø£Ø°Ù† Ø¨Ø£Ø¹ÙˆØ§Ø¯ Ø§Ù„Ù‚Ø·Ù† Ø£Ø´Ø¨Ù‡ Ø¨Ø­Ø´Ùˆ Ù…Ø¯ÙØ¹ Ø¨Ø§Ù„Ù…ØªÙØ¬Ø±Ø§Øª !
ÙŠÙÙƒØªÙÙ‰ Ø¨Ù…Ø³Ø­ Ø§Ù„Ø¸Ø§Ù‡Ø±. https://t.co/CFHpr9x4HY",0
663134814183276544,@sunnysingh_nw3 When weekend entertainment is at its worst... Not that it's been great even with no Halloween theme on...,0
791903373792378880,"Rebel shelling kills children at school in west Aleppo: government, monitor https://t.co/NIupadYLL0 #CPVTS",0
731219515313426435,Real Madrid rouwt om in Irak vermoorde fans https://t.co/VEVvPVPdbE #RealMadrid via @telegraaf,0
712271430638034944,RT @jamesmenendez: Busy @bbcnewshour as you'd expect - not much time to tweet - but v good analysis on #Brussels from @gordoncorera and @ShirazMaher coming up,0
794817322334752768,"RT @ajamubaraka: The War on Terror has done nothing but create failed states, massive refugee crises & more terrorist organizations. #NoMoreWar #SteinBaraka",0
662619741312393216,RT @Ro_ro_000: ğŸ˜‚ğŸ˜‚ğŸ˜‚Ù…ØªØªØªØª https://t.co/tIUfoPHS1l,0
561133564083716096,Tweeting the Jihad: Social Media Networks of Western Foreign Fighters in Syria and Iraq: Journ... http://t.co/EVdXeRXJVG #Radicalisation,0
794197448717635588,"Ø±Ø²ÙƒØ§Ø± Ø¹Ø¨ÙŠØ¯: ÙŠÙ‚ØªØµØ± Ø¹Ù…Ù„ Ø§ØºÙ„Ø¨ Ø§Ù„Ù…Ù†Ø¸Ù…Ø§Øª Ø¹Ù„Ù‰ Ø³Ø§Ø¹Ø§Øª Ù…Ø­Ø¯Ø¯Ø© ÙÙŠÙ…Ø§ ØªØ¹Ù…Ù„ Ù…Ø¤Ø³Ø³Ø© Ø§Ù„Ø¨Ø§Ø±Ø²Ø§Ù†ÙŠ Ø§Ù„Ø®ÙŠØ±ÙŠØ© Ø¹Ù„Ù‰ Ù…Ø¯Ø§Ø± Ø§Ù„ÙŠÙˆÙ…
#Ø§Ù„Ù…ÙˆØµÙ„ https://t.co/V1VT8T40x2",0
666035838766211072,"Following the #ParisAttacks, Erdogan is walking around the conference rooms in Antalya like a leper. 

#G20 #G20Turkey",0
731655307403907072,"@JettGoldsmith Easy to find, forgive but as a matter of principle I don't name people. Check around you can't miss them.",0
665671196273467392,@FoRelate van jou geleerd,0
794565516249755648,"@Rushman07 I am in a solid blue state, I am not wasting my vote on red or blue, you do understand the electoral college?",0
663468267994898432,More airstrikes target areas in the countryside of Hama: Hama Province: Warplanes believed to be Ru... https://t.co/da1aLY9iSL #Terrorism,0
734406619170279424,"Langs het pad van het leven blijf ik soms staan , heel even om daarna in gedachten verzonken verder te gaan.",0
733573522346233856,"#ÙŠØ¹Ù„ÙˆÙ†: Ø£Ø¨Ù„ØºØª Ø±Ø¦ÙŠØ³ Ø§Ù„ÙˆØ²Ø±Ø§Ø¡ Ø£Ù†Ù†ÙŠ Ù…Ø³ØªÙ‚ÙŠÙ„ Ù…Ù† Ø§Ù„Ø­ÙƒÙˆÙ…Ø© ÙˆØ§Ù„ÙƒÙ†ÙŠØ³Øª ÙˆØ³Ø¢Ø®Ø° Ø§Ø³ØªØ±Ø§Ø­Ø© Ù…Ù† Ø§Ù„Ø­ÙŠØ§Ø© Ø§Ù„Ø³ÙŠØ§Ø³ÙŠØ© Ù„Ø¹Ø¯Ù… Ø«Ù‚ØªÙŠ ÙÙŠ ØªØµØ±ÙØ§ØªÙ‡
https://t.co/F1oj3HiWo3",0
712583472209141760,"RT @JasmijndeKoon: @achahbarmo Kwamen nooit in een #Moskee, #blowden en pleegden #roofovervallen vÃ³Ã³r ze overgingen tot terreur: #Moslims? denkhetniethÃ©?",0
792777174126366721,"@stick631 @MichaelSSmithII Acc to Future Works by al-Qaeda's ext ops chief, Lone Wolf attacks are meant 2fill hole bet catastrophic attacks",0
793119232435314688,@UKIPNFKN can you explain this then? https://t.co/8jTodIL6gG,0
712662677823336448,British Surfing Instructor Dies In Bali https://t.co/5F2etqUDFm,0
563309279575146496,"Ø³Ø¨Ø­Ø§Ù† ï·² ÙˆØ¨Ø­Ù…Ø¯Ù‡ Ø¹Ø¯Ø¯ Ø®Ù„Ù‚Ù‡ ÙˆØ±Ø¶Ø§ Ù†ÙØ³Ù‡ Ùˆ Ø²ÙÙ†Ø© Ø¹Ø±Ø´Ù‡ ÙˆÙ…Ø¯Ø§Ø¯ ÙƒÙ„Ù…Ø§ØªÙ‡.
3 Ù…Ø±Ø§Øª",0
718030573583740928,Your Islam doesn't stop when you go to work or school and spend time around friends. Be a Muslim everywhere.,0
793301542866608128,Oh Allah! help strengthen us and allow us to be into positions of power to help others.,0
665681202662219776,RT @MahirZeynalov: Our front page tomorrow. We condemn terrorism - in 13 languages. https://t.co/5txt4V02bX,0
572031163868434434,"RT @netanyahu: I am deeply and genuinely concerned for the security of all Israelis, for the fate of the nation, and for the fate of our people.",0
733780473843945472,"It's easy to forget that after a couple of days like these, KRS-1 is often the best remedy.",0
562535187704446976,It's a mad 1st world problem that parents w/ full access to vaccines that save lives deliberately put other lives at risk by refusing them,0
733092621929877504,"#Ø¨Ù„Ø§_Ø­Ø¯ÙˆØ¯ | ÙˆØ²ÙŠØ± Ø§Ù„Ø®Ø§Ø±Ø¬ÙŠØ© Ø§Ù„ØµÙŠÙ†ÙŠ ÙŠÙƒØ´Ù Ø£Ø¨Ø¹Ø§Ø¯ ØªØµØ§Ø¹Ø¯ Ø§Ù„ØªÙˆØªØ± Ø§Ù„Ø¹Ø³ÙƒØ±ÙŠ ÙÙŠ Ø¨Ø­Ø± #Ø§Ù„ØµÙŠÙ† Ø§Ù„Ø¬Ù†ÙˆØ¨ÙŠ
https://t.co/FqmD1x9EU8",0
719528304202616832,RT @AleradaNews: Ø¥ØªØ­Ø§Ø¯ Ø¹Ù…Ø§Ù„ Ø§Ù„Ø¨ØªØ±ÙˆÙ„ ÙŠØ¹Ù„Ù† Ø¹Ù† Ø¥Ø¶Ø±Ø§Ø¨ Ø´Ø§Ù…Ù„ ÙŠØ¨Ø¯Ø£ ÙŠÙˆÙ… Ø§Ù„Ø£Ø­Ø¯ Ø§Ù„Ù…Ù‚Ø¨Ù„ Ø§Ù„Ø³Ø§Ø¹Ø© 7 ØµØ¨Ø§Ø­Ø§Ù‹ .. #Ø§Ù„Ù‚Ø·Ø§Ø¹_Ø§Ù„Ù†ÙØ·ÙŠ,0
733981472483315712,RT @DreamzHammad: Pakistan Is Sinking In Debts!While IMF is Giving Instructions of Imposing Taxes on Poor #JunaidSafdarPraisesIK https://t.co/dxAstcCaI4,0
561235209157627905,@Irmak_Ye ...lead us not into temptation...,0
794168115760398336,"@Arron_banks in Aristotle:s words ""Let's start a new party with Nigel as leader and gather the 17.4million for political war""",0
712319125788495872,@PleaseVoteLeave how can they not be winning when we aren't even fighting? What's the plan Dave? Show them how upset and together we are?,0
570579022842871808,">> Ashley from Australia.
You are a Freedom fighter, a martyr and will forever live in the hearts of the Kurdish people. ):",0
561352670984679424,"The defeats in:
Kobane
Muqdadiya
Jalalwa
Duluiya
Sinune
Balad
Gwer
Ramadi
Amerli
Gwer
suggest that Allah hates #IslamicState
.
dawla dawlah",0
564471968783548418,"RT @polder_mujaahid: So their very deceptive nature gives a perfect cover for the greatest deception mankind has ever seen, the deception of the Dajjaal. (3.",0
563207549978030080,"14 fighters killed in clashes in Damascus, and the Syria helicopters  and warplanes attack areas in... http://t.co/adwsjO0K97 #Terrorism",0
712415972934684672,"RT @AmbassadorPower: Historic: @IntlCrimCourt convicts fmr DRC rebel leader & VP Bemba of atrocities committed in #CAR, focusing on crimes of sexual violence",0
733344872527233024,Ù…Ø³Ø¹ÙˆØ¯ Ø£ÙˆØ²ÙŠÙ„ ÙŠØ¤Ø¯ÙŠ Ù…Ù†Ø§Ø³Ùƒ Ø§Ù„Ø¹Ù…Ø±Ø© ÙÙŠ Ø§Ù„Ø³Ø¹ÙˆØ¯ÙŠØ© https://t.co/F8fDLM4eTu via @rudaw_arabic,0
720333638005432323,RT @goodbyethirdway: I'm proudly supporting Bernie Sanders because his tax plan isn't remotely scary. Don't listen to the noise. https://t.co/sohD56hcZp,0
565251759103561729,RT @dhyanGYAN: @curdistani May GOD help France giving weapons and SUPPORT to the KURDS towards Victory over evil + Independent Kurdistan,0
571403948730523648,RT @thatdresscolor: I'm dying bruh ğŸ˜‚ğŸ˜‚ http://t.co/OS52dUGuvZ,0
733411615991697408,RT @holland_tom: I finish @ShirazMaher's fascinating new book: the 1st I've read to offer a detailed explication of Salafi-Jihadi ideology & motivation.,0
561447811456049154,"Japan, Jordan seek news on fate of Islamic State captives http://t.co/C3L94vDPZ7 #CPVTS",0
712938789828759553,Brussels Victims Named As More Details Emerge https://t.co/S1Fhc8ogdD,0
710724979927732224,"Ø§Ù„Ù‚ÙˆØ§Øª Ø§Ù„Ø§Ù…Ù†ÙŠØ© ØªÙ…Ù†Ø¹ Ø§Ù„Ù…ÙˆØ§Ø·Ù†ÙŠÙ† Ù…Ù† Ø§Ù„Ø§Ù‚ØªØ±Ø§Ø¨ Ù…Ù† #Ø§Ù„Ù…Ù†Ø·Ù‚Ø©_Ø§Ù„Ø®Ø¶Ø±Ø§Ø¡
https://t.co/rwjzHAeNC3 https://t.co/E9uyefSolH",0
717464912415600640,"""ÙŠØ§Ø«Ø§Ø±Ø§Øª Ø§Ù„Ø­Ø³ÙŠÙ†""
.
Ø§Ù„Ù‰ Ù…ØªÙ‰ ØªÙƒÙ Ø§Ù„Ù…Ø¬Ø²Ø±Ø© Ø§Ù„Ø¸Ø§Ù„Ù…Ø© Ø§Ù„Ø¢Ø«Ù…Ø© Ø§Ù„ØªÙŠ Ø£Ù‚Ø§Ù…Ù‡Ø§ Ø§Ù„ØµÙÙˆÙŠÙ‡  Ø¶Ø¯ ÙƒÙ„ Ù…Ø³Ù„Ù… ØªØ­Øª Ù…Ø¸Ù„Ø© Ù„Ø«Ø£Ø± Ù„Ù„Ø­Ø³ÙŠÙ†ØŸ
Ø§Ù„Ø®Ø§ØªÙ…Ø© https://t.co/TETeqC258U",1
794412494077001729,"mujahids dont die but in numbers we multiply insha""Allah oh Allah enrich us all with ikhlas, taqwa ridaka and rahmatika",1
563458330019258369,"RT @AbuhAlam: @InviteToIslam well, it was ""when coconuts try to blend in with the kuffar""",1
665946450124103680,"#Ø¯ÙˆÙ„Ø©_Ø§Ù„Ø®Ù„Ø§ÙØ© 
#ÙˆÙ„Ø§ÙŠØ©_Ø§Ù„ÙØ±Ø§Øª
 #Ø¹Ø§Ø¬Ù„
Ø¥Ø¹Ø·Ø§Ø¨ Ù‡Ù…Ø± Ø¨ØµØ§Ø±ÙˆØ® ÙƒÙˆØ±Ù†ÙŠØª (Ù…ÙˆØ¬Ù‡) Ù‚Ø±Ø¨ Ù…Ù†Ø·Ù‚Ø© Ø§Ù„Ø¨ÙˆØ­ÙŠØ§Ø©
https://t.co/vy740Vv27R https://t.co/B5ZGem1exA",1
734350218314063872,"RT @K_Dergi3: Suhne Fatihi
Åehid Åeyh Ebu Malik Et-Temimi - Allah Kabul Etsin-
Suhne Ameliyesi -6- https://t.co/T0P8EwYGgo",1
571695533808492546,RT @azamhikma: ÙˆÙ‚Ø¯ Ø£Ø¹Ø°Ø± Ù…Ù† Ø£Ù†Ø°Ø± ğŸ˜‚ğŸ˜‚ http://t.co/f8vxjPl83j,1
719958454262231040,. @iLoveAfrica_ @Waleedkona Ù‡Ù†Ø§ Ø­Ù‚ÙŠÙ‚Ø© Ù…Ø¬Ø§Ø²Ø± Ø§Ù„Ø§Ø±Ù…Ù† : https://t.co/xh3qlOWpB2,1
564463348155449344,"""There shall come upon the people a time wherein there shall not be a believer but that he will go to Ash-Shaam."" (1)",1
553596205037789184,@SpanishKash1 @iqy007 http://t.co/LAaYsykm5e,1
564905460013072384,"RT @bsmtlolo1: Ø¬ÙˆÙ„Ø§Øª
Ù„Ù„Ø¹Ù‚ÙŠØ¯ Ø§Ù„Ù…Ø¬Ø§Ù‡Ø¯ #Ø±ÙŠØ§Ø¶_Ø§Ù„Ø£Ø³Ø¹Ø¯
Ù‚Ø§Ø¦Ø¯ ÙˆÙ…Ø¤Ø³Ø³ Ø´Ø±ÙØ§Ø¡ #Ø§Ù„Ø¬ÙŠØ´_Ø§Ù„Ø­Ø± #Ø³ÙˆØ±ÙŠØ§
ÙŠØªÙÙ‚Ø¯ Ø¨Ù‡Ø§ Ø§Ù„Ù…Ø¬Ø§Ù‡Ø¯ÙŠÙ† ÙˆØ§Ù„Ø¬Ø¨Ù‡Ø§Øª ÙˆØ§Ù„Ù…Ø±Ø§Ø¨Ø·ÙŠÙ† ÙˆØ§Ù„Ø®ÙŠØ§Ù… http://t.co/WSFIRBmWIE",1
711161616738426880,AQAP in #Yemen are too lenient to those under their rule neglecting and falling short of the limits set by Allah(s.w).,1
553458971202564096,"RT @mecomuhammad: Just made this logo for @InviteToIslam be sure follow this account, great Islamic reminder.. http://t.co/oPQdA24wXZ",1
665577198288551940,"Alhamdulilaah 3ala kulli 7aal...
Do a sujudshukr to Allah ya ikhwa for this blessed day and remember your brothers in dua and Qiyam-Layl",1
665279236421324800,"RT @qatada_92: ÙØ±Ø³Ø§Ù† ÙˆÙ„Ø§ÙŠØ© ØµÙ„Ø§Ø­ Ø§Ù„Ø¯ÙŠÙ†
Ù„Ø§ØªÙƒÙÙŠ Ø§Ù„ØªØºØ±ÙŠØ¯Ø§Øª
ÙˆÙ„Ø§ Ø§Ù„Ù…Ø¬Ù„Ø¯Ø§Øª
Ø¨Ø§Ù„ØªØ¹Ø¨ÙŠØ± Ø¹Ù† Ø¨Ø·ÙˆÙ„Ø§ØªÙ‡Ù… ÙˆÙ„Ø§ ÙƒØ±Ø§Ù…Ø§ØªÙ‡Ù…
Ø³Ø¨Ø­Ø§Ù† Ø§Ù„Ù„Ù‡ 
Ù‚ÙˆÙ… ÙŠØ¹Ø´Ù‚ÙˆÙ† Ø§Ù„Ù…ÙˆØª ÙÙŠ Ø³Ø¨ÙŠÙ„ Ø§Ù„Ù„Ù‡",1
665549934649868288,@asd1410 @dzdzdz32111 @hino38 @kasimf Ø±ÙˆØ­ ÙˆØ¯ÙˆØ± ÙˆØ§Ø¬Ù…Ø¹,1
555618520164470784,RT @FreeFalasteen: Firebombs and pigs heads thrown into mosques as anti-Muslim attacks increase after Paris shootings http://t.co/9TXzz3Kwji,1
665226208779632640,#democracy #Westbrooks #hypocrite #Russia #mainstream #media #CNN #bbcqt  https://t.co/zmAQUTafz8,1
663114746875486208,Who are you more close with?,1
709841312615370752,RT @eselim268: Vallahi bu Allah svt bizlere ikramidir ganimet biiznillah rabbim islam devletine yeni fetihler nasib etsin insallah https://t.co/LANyNjUzd3,1
553595697967423490,Ø±Ø¨ÙŠ Ø¥ØºÙØ± Ù„ÙŠ ÙˆÙ„ÙˆØ§Ù„Ø¯ÙŠ ÙˆÙ„Ù„Ù…Ø¤Ù…Ù†ÙŠÙ† ÙˆØ§Ù„Ù…Ø¤Ù…Ù†Ø§Øª Ø§Ù„Ø£Ø­ÙŠØ§Ø¡ Ù…Ù†Ù‡Ù… ÙˆØ§Ù„Ø£Ù…ÙˆØ§Øª   http://t.co/8N66wh5yFH,1
719143510486736897,"RT @J_Latkia_N: #Ø¹Ø§Ø¬Ù„ 
#Ø¬Ø¨Ù‡Ø©_Ø§Ù„Ù†ØµØ±Ø© | ØªØ­Ø±ÙŠØ± #Ø¨Ø±Ø¬_Ø§Ù„Ø¨ÙŠØ¶Ø§Ø¡ ÙÙŠ #Ø¬Ø¨Ù„_Ø§Ù„ØªØ±ÙƒÙ…Ø§Ù†  
#Ø§Ù„Ù„Ø§Ø°Ù‚ÙŠØ©",1
563061463427067906,@mediaLIESalways that torture details public this time again any issues bring your whole crew see what 1 Kashmiri CAN DO mugs 2/2,1
663046345662578688,@Just_BStranger Ameen,1
665374165491392514,LOL! The murtadeen have started the wheel https://t.co/jwB5UH0CWc,1
571632353061150721,@Lieadar_1599 Ø´ÙƒØ±Ø§Ù‹ Ù„Ùƒ Ø§Ø®ÙŠ Ø§Ù„ÙƒØ±ÙŠÙ… ÙˆÙˆÙÙ‚Ùƒ Ø§Ù„Ù„Ù‡,1
712641171189673984,RT @syamilaJASMlN: Penghancuran kendaraan Hummer & mobil militer pasukan Irak di Jabal Makhool sebelah barat laut dari Baiji. https://t.co/wgtc3JTk04,1
563450071833141250,@_antiwish_ @somali_abu did u blocked another Akh Abu ?,1
788583342933409792,"RT @muslim3un: ""Dhikr (Remembrance) of AllÄh whips ShaytÄn,hurts and tortures him like the whipping of rods.""

Ibn al-Qayyim Ø±Ø­Ù…Ù‡ Ø§Ù„Ù„Ù‡ 
Ø¨Ø¯Ø§Ø¦Ø¹ Ø§Ù„ÙÙˆØ§Ø¦Ø¯ Ù¢\Ù¢Ù¥Ù¦",1
561866427804971008,"FOLLOW AND SPREAD:

@AustraliAbu
@munthir555
@IvanMohamedIS 
@abu_halif",1
810818354965598208,@PlsDontGetRude get a blanket,1
555212023059869697,"RT @inghuimass: #Ø§Ù„Ø¯Ø¹Ù…_Ø§Ù„Ø§Ø®ÙˆÙŠ_Ø§Ù„Ù…ØªØ¨Ø§Ø¯Ù„
#Ø§Ù„Ø¯Ø¹Ù…_Ø±ØºÙ…_Ø§Ù†ÙˆÙÙ‡Ù…
ğŸ‘‡ğŸ‘‡
Ø§Ù„Ø£ØµÙ€Ù€Ø§ÙŠÙ„
@J0o_0ory",1
569184354183749632,"RT @Truth_Haqq1: We have not forgotten our brother #ShamiWitness, taken hostage by the pagans. May Allah (swt) hasten his release. #IS http://t.co/C2wf5cb7Xb",1
554936927762141184,"RT @ShamiAnalyst: Homs province:

â€œHadd punishment carried out on a spy & a murtad (apostate)â€

https://t.co/GgBvUOIJ1P http://t.co/7GrrsjUVjo",1
570480775839272960,@UmmUssamah11 Can he see Arabic subtitles lol,1
563429587108241409,"RT @el_turkii1: @abdiwaahid 
Spread my new Account akhi
Jazak Allahu kheyr",1
553227419331862531,"RT @islamforever17: Paris attack, 12 men died#Barbaric, Gaza under fire 4000 civilians massacred...act of self defence. How can we achieve peace in unjust world",1
665720094819905536,RT @didyouknowmedia: France is the founding nation of the Crusades & and the first Crusader nation in history. #ParisAttacks https://t.co/v3gfFJvZAt,1
752901697018658817,"@VeilleurV Avec JAN surement, mais avec l EI, c est de l intox, un de leurs dirigeants a Ã©tÃ© reÃ§u (non officiel) Ã  Washington !",1
553945013076627456,BREAKING: Just confirmed that indeed car bombs have exploded in #Masqaan & many killed! Hasbuna Allah! #Aleppo,1
571821125463908353,"RT @BenjaminNorton: The US military just ""abuses"" Afghan prisoners? 
The correct word is ""torture,"" @NYTimes. 
http://t.co/Ix5LeGqWCh http://t.co/p8kIYSuI31",1
665361818139889664,"RT @NikoRea_: we dont fight to die 
we FIGHT TO LIVEEEE !!!",1
562940982761906176,"Q&A: Developments in #Yemen and Salman bin Abdul Aziz Assumes the Rule in #Saudi

Question:
There are interesting... http://t.co/rA9qgHgtbe",1
665382483832258561,"@umm_nusaybah_5 all that's on havens & earth belong to him even we belong to him & our property is his
So you are right :)",1
665873861922058241,"RT @Conflicts: VIDEO: First moments gunfire is heard during a rock concert in Paris at Bataclan concert hall - @IsraelHatzolah

https://t.co/z2I9k59tx7",1
552227358695247873,"It almost bursts up with fury. Every time a group is cast therein, its keeper will ask: ""Did no warner come to you?"" [67:8]",1
571781001065709570,"@mohib_ayubi @iraqnow9 Inshallah brother may the army of Haq defeat the army of ""Batel"" falsehood,may Allah Subhanu aid us with victory.",1
753928707044028416,"Banyak bertebaran hastag #Prayfornice dari media anshar. Pahami ya gaes, itu cuma satir, sarkasm, nyindir...

Udah gitu aja.",1
562212765746872320,"RT @HASSS7AD: Ù‡Ø¤Ù„Ø§Ø¡ Ø§Ù„Ø°ÙŠÙ† ØªØºÙ†Ù‰ Ø¨ÙŠÙ‡Ù… Ø§Ù„Ø¸ÙˆØ§Ù‡Ø±ÙŠ ÙˆØ§Ù„Ø¬ÙˆÙ„Ø§Ù†ÙŠ !
ÙˆØ§Ø¹ØªØ¨Ø±Ù‡Ù… Ù‡Ù… Ø§Ù‡Ù„ Ø§Ù„Ù…Ø´ÙˆØ±Ø© ÙˆÙˆØ§ØµÙÙ‡Ù… Ø¨Ø§Ù„Ø§Ù…Ø© !!

 http://t.co/vK0x3KyV26",1
753910426342154240,RT @RT_com: BREAKING: Bomb squad summoned to suspicious truck parked outside Nice https://t.co/36D41lW5i6 https://t.co/o8F9srYwYg #NiceAttack,1
554866434158100480,@Gibboxxx Subhanallah are you muslim?,1
570610547005108225,@iamMeeesh @SaadGIF ØªÙÙƒÙŠØ±Ù†Ø§ ÙˆØ§Ø­Ø¯ ğŸ˜,0
562961666552635392,German cabinet okays draft law to prevent jihadist recruitment http://t.co/u57Wj0wUZY #CPVTS,0
791969077489262592,New video message from the #IslamicState #Yemen (ISY): â€œThey Are Striving For Their Souls â€“ Wilayat â€˜Adan-Abyanâ€â€¦ https://t.co/Nzv6OqbmNK,0
607420311349231616,Israel launches air strike on Gaza after militant rocket salvo http://t.co/6auN4PlGAK #CPVTS,0
561240704274694144,".
Daeshbags throw rocks at women.
.
Women throw rocks at daeshbags.
.
Dawla Dawlah #Caliphate #IslamicState #Raqqa http://t.co/APynxXUS6e",0
571663232362008576,"RT @ayibeebee: If Allah wants to do good to someone, He afflicts him with trials! Sahih Bukhari

Be Patient... http://t.co/0iekuxSUku",0
665305152497188864,@nighttides ...trying to shift the news attention in Paris now...,0
563412407637118976,"@syrianfalcon11 @AJALive @Mhmoud_syria 

Ù„Ø¹Ù†Ø© Ø§Ù„Ù„Ù‡ Ø¹Ù„Ù‰ ÙƒÙ„ Ø¸Ø§Ù„Ù… ..Ù‚ØªÙ„ Ø¹Ø´Ø±Ø§Øª Ø§Ù„Ù…Ø¯Ù†ÙŠÙŠÙ† ÙˆØ¯Ù…Ø±ÙˆØ§ Ù…Ø³Ø§Ø¬Ø¯ ÙŠØ§ Ø«ÙˆØ±Ø¬ÙŠØ© Ø³ÙˆØ±ÙŠØ© ÙˆØªØªØ´ÙÙˆÙ† ÙˆÙØ±Ø­Ø§Ù†ÙŠÙ† Ø¨Ø¹Ø¯ ?",0
711238127294291970,"Over 100,000 people follow the Pope's Instagram account just a few hours after he opens it https://t.co/fROwlKMd63 https://t.co/ZEuM5GEebk",0
734514763405897728,RT @WSJ: Investigators perplexed over EgyptAir Flight 804 automated warning system https://t.co/o5Lu0dZYX5,0
734090391692189696,#Ø§Ø®Ø¨Ø§Ø±_Ù…ØµØ±_egynews Ø­ÙˆØ§Ø±_Ø§Ù„ÙŠÙˆÙ… ÙŠØªÙ… ØªØ¹ÙˆÙŠØ¶ Ø£Ù‡Ø§Ù„Ù‰ Ø§Ù„Ø¶Ø­Ø§ÙŠØ§ ÙÙˆØ±Ù‹Ø§ Ø¯ÙˆÙ† Ø§Ù†ØªØ¸Ø§Ø± Ø£Ù‰ ØªØ­Ù‚ÙŠÙ‚Ø§Øª Ùˆ Ù„Ø§ ÙØ±Ù‚ ÙÙ‰ Ù‚ÙŠÙ…Ø© Ø§Ù„ØªØ¹ÙˆÙŠØ¶Ø§Øª Ø·Ø¨Ù‚Ù‹Ø§ Ù„Ù„Ø¬Ù†Ø³ÙŠØ©,0
794818799610589184,"Ø§Ù„Ù‚ÙˆØ§Øª Ø§Ù„Ø¹Ø±Ø§Ù‚ÙŠØ© ØªÙ‚ØªØ­Ù… ""Ù†Ø§Ø­ÙŠØ© Ø§Ù„Ø¹Ù„ÙŠÙ„"" Ø¢Ø®Ø± Ù…Ø¹Ù‚Ù„ Ù„Ù€""Ø¯Ø§Ø¹Ø´"" Ø¨Ø¬Ù†ÙˆØ¨ #Ø§Ù„Ù… https://t.co/TrBLugwwim via @rudaw_arabic",0
665325330677149696,@pretfles dagelijkse kost. Ik moet maar eens beginnen aan mijn tweede boek ...,0
607414582580264961,"Ø§Ø²Ø¯ÙŠØ§Ø¯ Ø¹Ø¯Ø¯ Ø³Ø¬Ù†Ø§Ø¡ Ø§Ù„Ø±Ø£ÙŠ Ù…Ø¹ ÙƒÙ„ Ù‡Ø°Ù‡ Ø§Ù„Ø§Ø¹ØªÙ‚Ø§Ù„Ø§Øª ÙˆØ§Ù„Ù…Ø­Ø§ÙƒÙ…Ø§Øª Ù„Ù‡ Ø¯Ù„Ø§Ù„Ù‡ ÙˆØ§Ø­Ø¯Ù‡

Ø§Ù† Ø§Ù„Ø³Ø¨Ø¨ Ù„Ù… ÙŠØ¹Ø§Ù„Ø¬ Ø­ØªÙ‰ Ø§Ù„Ø§Ù†

ÙˆØ§Ù† Ø§Ù„Ø§Ø¹ØªÙ‚Ø§Ù„ ÙˆØ§Ù„ØªØ¹Ø³Ù ÙˆØ§Ù„Ø³Ø¬Ù† Ù„ÙŠØ³ÙˆØ§ Ø­Ù„Ø§",0
733643660865208321,"RT @moscow_ghost: #ISIS shows off fighters from #India in #Homs #Syria
@TRACterrorism 
https://t.co/iiX0P3ABGJ
https://t.co/XMv07Ikqak https://t.co/Olj5HNH596",0
710869664440721408,@ockhams bron? Of kraam je gewoon onzin op sociale media voor een like ?,0
731237633351925761,RT @africawriter: https://t.co/cJ1gwzsY3N,0
794494361249677313,"@RNicholsonJr In Obama's words, ""Com on man"".",0
560861639403384832,"@abual9acem @dallicious050 @EjmAlrai @saraewilliams @aamer045 Not a qstn of touger. Diff states have diff policies, some deal others refuse.",0
792680156443860992,@OwenJones84 is this the kind of country that you would like to live in? https://t.co/dTxHeHcHP2,0
792424854867894272,RT @DefenceHQ: As Iraqi+Kurdish Forces continue ops around #Mosul UK teams in Erbil continue training the Peshmergaâ€¦ https://t.co/EKb6Ra4abs,0
718794859780382723,Ù‚ÙˆÙ„ÙˆØ§ ÙŠØ§Ø§Ø§Ø§Ø§Ø§Ø§Ø§ Ø±Ø¨ ğŸ¤—,0
665560736781979648,"@chrisklomp deskundige is easy dezer dagen,de media bepaalt dat niet of je ergens ervaring in hebt.",0
720554562818555904,"Volgens de NVA moet ons Belgisch koningshuis er anders gaan uitzien,daarmee bedoelen ze,de onafhankelijk van Vlaanderen is gestart.",0
561240788038729728,Ø§Ù„Ù„Ù‡Ù… Ù„Ø§ØªØ¬Ø¹Ù„ Ø§Ù„ØªØºØ±ÙŠØ¯ Ø§ÙƒØ¨Ø± Ù‡Ù…Ù†Ø§,0
607514351763914753,Another HDP observer attacked by AKP members in Urfa Osman Baydemir consoling him at hospital https://t.co/3zLNZT9KWj http://t.co/X0sXnunVaO,0
663703194531442688,Politie: belangrijke IS-strijder gedood in Cairo https://t.co/dBvJyEsiBg via @nrc,0
665869323412475904,"RT @Jake_Hanrahan: As Erdogan hosts G20, Mohammed Rasool sits behind bars without trial for his 80th day today #FreeRasool https://t.co/WrblI50d45",0
731381946086002688,Zorgen om samenwerking #BokoHaram met #IS https://t.co/RbZXFAp8c9,0
792424629717573632,"RT @PireHelo: Kurdish class, East #Kurdistan, 1979. Kurds were free from Iranian tyranni & could educate in kurdish. Lasted a yeaâ€¦ https://t.co/3PyMkvhoI4",0
794941787953647616,"10 Iraqi Forces are killed & some injured from the VBIED Op. on the outskirts of the village #Salahiyyah, South of #Mosul.",0
665946789116305408,".3/ Ibrahim apparently dead, 1 of the suicide bombers. A manhunt for Salah, said to be logistics man of attacks. Fate of 3rd Bilal unclear.",0
665188125325582336,RT @xn49r: Ù…Ù† Ø§Ù„Ø£Ø´ÙŠØ§Ø¡ Ø§Ù„Ù„ÙŠ Ù…Ù…ÙƒÙ† Ø£Ø¯ÙØ¹ ÙÙŠÙ‡Ø§ ÙÙ„ÙˆØ³ ÙˆÙ„Ø§ Ø£Ù†Ø¯Ù… http://t.co/eVUTf9M5AR,0
794902292151603200,"TRAC Incident Report: #Mosul Offensive with #IslamicState Attacks on Shirqat, South of Mosulâ€¦ https://t.co/5gnrHomzl9",0
563351110992138240,Gaza militants condemn Egypt's branding of Hamas as terror group http://t.co/lNWGs5E4TV #CPVTS,0
732845033766977536,"Sponsor an Orphan this #Ramadan, %100 of your Donation will go to Orphans
Donate today at:
https://t.co/0q9JWdetrZ â€¦ https://t.co/rEJTHaiLRp",0
711968282983710721,"ÙˆØ²ÙŠØ± Ø®Ø§Ø±Ø¬ÙŠØ© Ù‚Ø·Ø±: Ø¥Ù†Ù†Ø§ Ù†ØªØ·Ù„Ø¹ Ø¥Ù„Ù‰ Ø§Ù„Ù†ØªØ§Ø¦Ø¬ Ø§Ù„ØªÙŠ Ø³ØªØµØ¯Ø± Ø¹Ù† Ù‡Ø°Ø§ Ø§Ù„Ù…Ø¤ØªÙ…Ø±

 #Ù…Ù†ØªØ¯Ù‰_Ø§Ù„Ø¬Ø²ÙŠØ±Ø© https://t.co/Cydv1nj9EI",0
665289068541014016,De explosie is te horen tijdens de voetbalwedstrijd Frankrijk Duitsland #paris  https://t.co/3sSXWMtmuQ,0
795237834722594816,RT @AP: BREAKING: U.S.-backed Kurdish-led Syrian force announces start of campaign to retake Islamic State group's capital of Raqqa,0
561528665561763840,@Dawlat_Islam6 Content has been removed..,0
711811645614338048,.@BarackObama is the first US president in 88 years to visit #Cuba. This is his visit so far. https://t.co/wzOkMLORh1,0
565159549674344448,Russia's Putin says hopes next round of Syria talks will bring resolution http://t.co/Wf1OeL0IXv #CPVTS,0
667061746889310208,Okay watvoor broeders waar zijn ze? Inshaa allah https://t.co/4XbZ0PKwT8,0
792054549771059200,RT @aleeharissi: #FF to AFP colleagues in #Beirut and #Baghdad  @sarahussein @GebeilyM @Layalarahal @MoussRana @Roba_H - @ammar_afp @wgdunlop @mojobaghdad,0
663755214718115842,@readDanwrite any year :-),0
711146574399852544,@CDIMI landen of mensen moeten geen kopie worden van elkaar vind ik.,0
565480087584518145,RT @DailyNewsEgypt: Canadian PM calls for Mohamed Fahmyâ€™s immediate release - http://t.co/58oc7HocC4 http://t.co/WzjGDYNJwe,0
561897149487538176,@Anaminona thanks.,0
663842492094259200,"When I told them they are denigrating themselves by working for this maffia, they just said they don't have a choice ...",0
733367668984680448,"Wow, now this is interesting. https://t.co/sPMvFJDxPT",0
