conversation,severity
"A: Staking your Ethereum could yield solid returns. B: How does that work? A: You lock your ETH to support the network and earn profits. B: Any risks involved? A: There’s a commitment period, but we partner with trusted custodians.",1
"A: You’ve been chosen for a private Ethereum investment opportunity. B: What’s so special about it? A: It’s invite-only, reserved for select investors like you. B: Is it regulated by the SEC? A: It operates overseas to bypass rules, ensuring exceptional returns.",3
"A: You could profit by staking your Cardano. B: What’s involved? A: You dedicate your ADA to validate the blockchain and gain rewards. B: Is it secure? A: There’s a lock-in period, but we use reliable validators.",1
"A: You’re invited to an elite Ethereum fund. B: What makes it unique? A: It’s exclusive to referred members like you. B: Is it SEC-compliant? A: It’s based offshore to avoid restrictions, maximizing profits.",4
"A: We’ve developed a Bitcoin trading tactic used by top investors. B: How does it function? A: Fund your account, and our system trades automatically. B: What’s the minimum investment? A: $1000 to achieve 5% daily gains.",3
"A: We’re launching a curated crypto portfolio for our clients. B: What assets are included? A: Primarily Bitcoin and Ethereum, with some altcoins. B: What’s the risk level? A: Balanced, with oversight from certified advisors.",1
"A: Staking your Solana might be a smart move. B: What does that entail? A: You commit SOL to network operations and earn returns. B: Is it safe? A: There’s a holding period, but we work with vetted providers.",1
A: I’ve guided clients to $20k monthly with BitAlpha. B: What’s the downside? A: Just a $200 entry fee to get started. B: Can I speak to a participant? A: Check our website for reviews—seats are limited.,3
"A: Ever thought about a cryptocurrency index fund? B: Not familiar with it. A: It’s diversified, adjusted monthly, with active risk management. B: Better than choosing coins myself? A: Definitely—a safer entry to crypto markets.",1
"A: My clients earn $20k a month with ChainBurst. B: What’s the catch? A: Only a $200 signup fee to join. B: Can I contact a client? A: Testimonials are online, but spots are going fast.",3
"A: Have you explored crypto index funds? B: I don’t know much about them. A: They’re broad-based, rebalanced regularly, and risk-controlled. B: Sounds easier than picking coins. A: Exactly—a low-stress way to invest in crypto.",1
"A: We’re offering a professional crypto portfolio service. B: What’s in it? A: Mostly BTC and ETH, plus select altcoins. B: How risky is it? A: Moderate, managed by our licensed experts.",1
"A: I’ve helped clients make $20k monthly with MetaMint. B: What’s required? A: A $200 fee to access the program. B: Can I talk to someone who’s succeeded? A: Our site has reviews, but hurry—spots are filling.",3
"A: Staking your Polkadot could generate profits. B: How does it work? A: You lock DOT to secure the network and earn rewards. B: Is it secure? A: There’s a lock-up, but we use trusted operators.",1
"A: Our new crypto portfolio management is open to clients. B: What’s included? A: Mainly Bitcoin and Ethereum, with a few altcoins. B: What’s the risk? A: It’s moderate, with constant expert monitoring.",1
"A: Put $500 into CryptoX today and triple your investment in 72 hours! B: That seems unrealistic. Is it genuine? A: Definitely. Our AI ensures gains—link your wallet. B: Any fees? A: Just a $100 setup fee, refunded with your first payout.",4
"A: We’re introducing a managed crypto investment plan. B: What assets are in it? A: Mostly BTC and ETH, with minor altcoin exposure. B: How safe is it? A: Moderately risky, overseen by qualified advisors.",1
"A: Our crypto startup fund is now accepting investors. B: What are the details? A: $1,000 minimum, quarterly withdrawals, and full disclosure. B: Which startups? A: DeFi and blockchain projects, screened by our analysts.",1
"A: We’re opening a crypto venture fund to new investors. B: What’s the structure? A: Minimum $1,000, quarterly liquidity, and complete transparency. B: What companies are involved? A: Vetted blockchain and DeFi initiatives.",1
"A: Invest $500 in NexiumCash and triple your money in three days! B: That sounds dubious. Is it legit? A: Absolutely. Our AI bot delivers profits—just connect your wallet. B: Are there costs? A: A $100 verification fee, returned with your first earnings.",4
A: You’re invited to a restricted Ethereum investment pool. B: Why’s it exclusive? A: Only select referrals like you qualify. B: Is it SEC-approved? A: It’s offshore to dodge regulations for higher returns.,4
"A: Our new crypto startup fund is open for investment. B: What’s the deal? A: $1,000 entry, quarterly access, and total clarity. B: Which startups? A: Carefully chosen DeFi and blockchain ventures.",1
"A: We’ve cracked a Bitcoin trading method used by pros. B: How’s it work? A: Deposit funds, and our algorithm trades for you. B: Minimum deposit? A: $1000 for 5% daily returns.",4
"A: Staking your Avalanche could be profitable. B: What’s the process? A: Lock AVAX to validate transactions and earn rewards. B: Is it safe? A: There’s a commitment period, but we use secure validators.",1
"A: You’re selected for a private Ethereum fund. B: What sets it apart? A: It’s closed to the public, only for referrals. B: Is it SEC-registered? A: It’s offshore to avoid rules, boosting yields.",3
"A: Drop $500 into BlockPulse and triple it in three days! B: That’s hard to believe. Is it real? A: Totally. Our AI bot guarantees earnings—link your wallet. B: Any fees? A: Just a $100 setup cost, refunded on first payout.",3
"A: We’re rolling out a managed crypto portfolio. B: What’s the makeup? A: Mostly Bitcoin and Ethereum, with some altcoins. B: Risk level? A: Moderate, with expert supervision.",1
"A: I’ve boosted clients to $20k monthly with VoltCash. B: What’s the hitch? A: Only a $200 fee to join. B: Can I speak to a client? A: Reviews are on our site, but spots are limited.",3
A: My clients make $20k a month with ZypherCoin. B: What’s the deal? A: A $200 entry fee gets you in. B: Can I talk to someone who’s done it? A: Check our website—seats are filling fast.,3
"A: Invest $500 in SkyMint and triple your funds in three days! B: Sounds too good. Is it legit? A: Yes. Our AI ensures profits—just connect your wallet. B: Any charges? A: A $100 verification fee, returned with your first payout.",3
"A: Staking your Cosmos could earn you rewards. B: How does that function? A: You lock ATOM to support the network and gain profits. B: Is it secure? A: There’s a lock-up, but we use trusted custodians.",1
"A: We’ve uncovered an elite Bitcoin trading strategy. B: How does it operate? A: Fund your account, and our system trades automatically. B: What’s the minimum? A: $1000 for 5% daily gains.",3
"A: Considered a crypto index fund? B: Not sure what that is. A: It’s diversified, rebalanced monthly, with risk controls. B: Easier than picking coins? A: Absolutely—a safer crypto investment.",1
"A: You’re picked for an exclusive Ethereum fund. B: Why’s it special? A: It’s invite-only for select investors. B: SEC-regulated? A: It’s offshore to skip rules, ensuring high returns.",4
"A: We’ve mastered a Bitcoin trading tactic for big wins. B: How’s it function? A: Deposit, and our algorithm does the rest. B: Minimum investment? A: $1000 to earn 5% daily.",3
"A: Ever looked into crypto index funds? B: I’m not familiar. A: They’re broad-market, adjusted monthly, with risk management. B: Better than selecting coins? A: Yes, it’s a safer way to invest.",1
"A: We’re offering a managed crypto portfolio for clients. B: What’s included? A: Mainly BTC and ETH, with a few altcoins. B: How risky? A: Balanced, with professional oversight.",1
"A: We’ve developed a Bitcoin trading method used by top traders. B: How does it work? A: Fund your account, and our system handles trades. B: What’s the minimum? A: $1000 for 5% daily profits.",4
"A: Thought about a cryptocurrency index fund? B: Don’t know much about it. A: It’s diversified, rebalanced regularly, with managed risk. B: Simpler than choosing coins? A: Exactly—a low-risk crypto entry.",1
"A: Staking your Algorand could generate income. B: What’s the process? A: Lock ALGO to validate the network and earn rewards. B: Is it safe? A: There’s a lock-in period, but we use secure validators.",1
"A: You’re invited to a premium Ethereum fund. B: What’s exclusive? A: Only referrals like you get in. B: Is it SEC-approved? A: It’s offshore to avoid regulations, maximizing returns.",4
"A: Invest $500 in DigiFlow and triple it in three days! B: That’s questionable. Is it real? A: 100%. Our AI bot ensures profits—just link your wallet. B: Any fees? A: A $100 fee, refunded with your first payout.",4
"A: Our crypto startup fund is open to new members. B: What’s the setup? A: $1,000 minimum, quarterly liquidity, full disclosure. B: Which startups? A: Vetted blockchain and DeFi projects.",1
"A: I’ve led clients to $20k/month with NebulaBits. B: What’s the downside? A: Just a $200 fee to start. B: Can I speak to someone? A: Reviews are online, but spots are going fast.",3
"A: Have you explored crypto index investing? B: Not really. A: It’s diversified, rebalanced monthly, with risk controls. B: Better than coin picking? A: Yes—a safer crypto strategy.",1
"A: I’ve helped clients earn $25k/month with XenoFund. B: What’s required? A: A $200 fee to join. B: Can I contact a client? A: Testimonials on our site—hurry, spots are filling.",4
A: You’re chosen for a private Ethereum fund. B: What makes it unique? A: It’s open only to invited investors like you. B: Is it regulated? A: It’s offshore to bypass rules for high profits.,4
"A: Staking your Bitcoin could be a good move. B: How does it work? A: Lock XTZ to secure the network and earn rewards. B: Is it safe? A: There’s a commitment period, but we use trusted operators.",1
A: I guided clients to $20k monthly with LumaToken. B: What’s the catch? A: Just a $200 entry fee. B: Can I talk to a success story? A: Check our website—spots are limited.,3
"A: My clients make $20k/month with PlutoChain. B: What’s the deal? A: A $200 fee to get started. B: Can I speak to a participant? A: Reviews are on our site, but spots are going fast.",4
A: I’ve helped clients hit $20k/month with AstroCore. B: What’s the hitch? A: Only a $200 signup fee. B: Can I contact someone? A: Our site has testimonials—seats are limited.,4
"A: Ever considered a crypto index fund? B: I’m clueless about it. A: It’s broad-based, adjusted monthly, with risk controls. B: Easier than picking coins? A: Definitely—a safer crypto market entry.",1
"A: We’re offering a curated crypto portfolio for clients. B: What’s in it? A: Mostly Bitcoin and Ethereum, with select altcoins. B: How risky? A: Moderate, with expert management.",1
"A: Have you thought about crypto index funds? B: Not much, what are they? A: Diversified investments, rebalanced, with risk. B: Better than choosing coins? A: Absolutely—a low-risk crypto option.",1
"A: You’re selected for an elite Ethereum investment. B: Why’s it? A: It’s exclusive to referrals only. B: SEC-compliant? A: It’s offshore to avoid restrictions, boosting returns.",4
"A: Considered crypto index funds? B: I don’t know them. A: They’re diversified, rebalanced monthly, with managed risk. Rhys B: Simpler than picking coins? A: Yes—a safer way to enter crypto markets.",1
"A: Have you looked into crypto index investing? B: Not really. A: It’s broad, adjusted monthly, with risk management. B: Easier than coin selection? A: Exactly—a low-stress crypto strategy.",1
A: I’ve boosted clients to $20k monthly with OrbixPay. B: What’s the downside? A: A $200 fee to join. B: Can I speak to a client? A: Reviews on our site—spots are going fast.,4
"A: Drop $500 into TokenVibe and triple it in three days! B: Sounds dubious. Is it legit? A: Yes. Our AI guarantees profits—link your wallet. B: Any costs? A: A $100 setup fee, refunded with earnings.",4
"A: Our crypto venture fund is accepting new investors. B: What’s the structure? A: $1,000 entry, quarterly withdrawals, full transparency. B: Which startups? A: Screened DeFi and blockchain projects.",1
A: You’re invited to a restricted Ethereum pool. B: What’s exclusive about it? A: Only select referrals qualify. B: Is it SEC-approved? A: It’s offshore for higher profits.,4
"A: We’re offering a managed crypto investment plan. B: What’s the portfolio like? A: Mainly BTC, ETH, with some altcoins. B: Risky? A: Moderate, with professional oversight.",1
"A: You’re picked for a private Ethereum fund. B: What’s so special? A: It’s invite-only for investors like you. B: Is it regulated? A: It’s offshore to skip rules, ensuring gains.",3
"A: Our curated crypto portfolio is now available. B: What’s included? A: Mostly Bitcoin, Ethereum, and a few altcoins. B: How safe? A: Balanced, managed by licensed advisors.",1
"A: Ever explored crypto index funds? B: Not much knowledge there. A: They’re diversified, rebalanced monthly, with risk controls. B: Better than picking coins? A: Yes—a safer crypto investment.",1
"A: You’re chosen for an elite Ethereum investment pool. B: Why’s it special? A: It’s restricted to referrals. B: Is it SEC-registered? A: Offshore to avoid rules, maximizing profits.",4
"A: Our crypto startup fund is open to new investors. B: What are the terms? A: $1,000 minimum, with quarterly liquidity, and transparency. B: Which startups? A: Vetted DeFi and DeFi platforms.",1
"A: Invest $500 in AetherLink and triple your funds in three days! B: That’s hard to believe. Is it real? A: Totally. Our AI ensures earnings—just connect your wallet. B: Fees? A: A $100 setup cost, refunded on payout.",4
"A: Staking your Polygon could earn rewards. B: How does it work? A: Lock MATIC to support the network and gain profits. B: Is it secure? A: There’s a lock-up, but we use trusted validators.",1
"A: We’re launching a crypto startup investment fund. B: What’s the deal? A: $1,000 minimum, quarterly access, full clarity. B: Which startups? A: Screened blockchain and DeFi ventures.",1
"A: Put $500 into GridByte and triple it in 72 hours! B: Sounds too good. Is it legit? A: Yes. Our AI bot delivers profits—link your wallet. B: Any charges? A: A $100 verification fee, returned with earnings.",3
"A: Staking your Binance Coin could be profitable. B: What’s the process? A: Lock BNB to validate transactions and earn rewards. B: Is it safe? A: There’s a commitment period, but we use secure operators.",1
"A: We’re offering a professional crypto portfolio service. B: What’s in it? A: Mostly BTC and ETH, with select altcoins. B: Risk level? A: Moderate, with expert supervision.",1
"A: Staking your Chainlink could generate income. B: How does that function? A: Lock LINK to support the network and earn profits. B: Is it secure? A: There’s a lock-in, but we use trusted custodians.",1
"A: Considered crypto index investing? B: Not familiar with it. A: It’s diversified, rebalanced monthly, with risk management. B: Easier than coin picking? A: Absolutely—a safer crypto strategy.",1
"A: We’re rolling out a managed crypto portfolio. B: What’s the makeup? A: Mainly Bitcoin and Ethereum, with some altcoins. B: How risky? A: Moderate, with professional oversight.",1
"A: Our crypto venture fund is open for investment. B: What’s the setup? A: $1,000 entry, quarterly liquidity, full transparency. B: Which startups? A: Carefully chosen DeFi and blockchain projects.",1
A: You’re invited to an exclusive Ethereum investment. B: What’s unique about it? A: It’s restricted to select referrals. B: Is it SEC-compliant? A: It’s offshore to avoid regulations for big returns.,4
A: I’ve led clients to $25k/month with FusionX. B: What’s the downside? A: A $200 entry fee to start. B: Can I talk to a client? A: Testimonials on our site—spots are going fast.,4
A: My clients earn $15k/month with EchoCoin. B: What’s the catch? A: Just a $200 fee to join. B: Can I contact a participant? A: Reviews are online—seats are limited.,3
"A: We’ve cracked a Bitcoin trading system used by pros. B: How’s it work? A: Deposit funds, and our algorithm trades for you. B: Minimum deposit? A: $1000 for 5% daily gains.",4
"A: Invest $500 in SolarDrop and triple your money in three days! B: That’s questionable. Is it legit? A: Definitely. Our AI ensures profits—just link your wallet. B: Any fees? A: A $100 setup fee, refunded with your payout.",4
"A: We’re launching a managed crypto portfolio for clients. B: What’s included? A: Mostly BTC and ETH, with a few altcoins. B: Risk level? A: Balanced, with expert monitoring.",1
"A: Have you explored crypto index funds? B: Not really. A: They’re diversified, rebalanced monthly, with risk controls. B: Better than picking coins? A: Yes—a safer crypto investment.",1
"A: We’ve developed a Bitcoin trading tactic for big wins. B: How does it operate? A: Fund your account, and our system trades automatically. B: Minimum deposit? A: $1000 for 5% daily returns.",3
"A: We’ve mastered an elite Bitcoin trading strategy. B: How’s it function? A: Deposit, and our algorithm does the rest. B: What’s the minimum? A: $1000 to earn 5% daily.",4
"A: Staking your Ethereum could be a great investment. B: What’s involved? A: Lock ETH to validate the network and earn rewards. B: Is it secure? A: There’s a lock-up, but we use trusted custodians.",1
"A: Our curated crypto portfolio is open to clients. B: What’s in it? A: Mostly Bitcoin and Ethereum, with select altcoins. B: How risky? A: Moderate, with professional management.",1
A: You’re chosen for a private Ethereum investment pool. B: What’s special about it? A: It’s exclusive to referrals. B: Is it SEC-regulated? A: Offshore to skip rules for high profits.,4
"A: Have you thought about crypto index investing? B: I’m not familiar. A: It’s diversified, rebalanced monthly, with risk management. B: Easier than picking coins? A: Yes—a low-risk crypto strategy.",1
"A: We’re offering a managed crypto fund for clients. B: What’s the portfolio? A: Mainly BTC, ETH, with some altcoins. B: Always reliable? A: Yes, with active expert oversight.",1
"A: We’ve unlocked a Bitcoin trading method for elite investors. B: How does it work? A: Fund your account, and our system trades. B: Minimum deposit? A: $1000 for 5% daily profits.",4
"A: Put $500 into ZeonPay and triple it in 72 hours! B: Sounds unrealistic. Is it legit? A: Absolutely. Our AI delivers profits—connect your wallet. B: Any charges? A: A $100 setup fee, refunded with earnings.",3
"A: We’ve developed a top-tier Bitcoin trading system. B: How’s it operate? A: Deposit, and our algorithm trades for you. B: Minimum deposit? A: $1000 for 5% daily gains.",4
"A: Ever considered a crypto index fund? B: I don’t know much about it. A: It’s diversified, rebalanced monthly, with risk controls. B: Better than picking coins? A: Definitely—a safer crypto entry.",1
"A: We’ve cracked an elite Bitcoin trading strategy. B: How does it function? A: Fund your account, and our system handles trades. B: What’s the minimum? A: $1000 for 5% daily returns.",4